,O1V1,O2V1,O3V1,O4V1,O5V1
HG00096,R,RA,RHR,HARA,RRRRA
HG00097,R,RA,RAR,HHRA,RHRRA
HG00099,H,RR,RHR,HHRH,HRHHA
HG00100,R,RH,RRR,RARH,HRHRA
HG00101,R,RH,HHR,RHRA,RRRRA
HG00102,R,RH,RAR,RARA,RHRRA
HG00103,R,RH,RAR,RARA,RHHRA
HG00105,R,HR,RHR,RHRA,RRRRA
HG00106,R,RR,RHR,RARR,RRRRH
HG00107,R,RR,RRR,HARH,RARRA
HG00108,R,RR,RRR,RARR,RRHRA
HG00109,R,RH,RHR,HHRA,RRRRA
HG00110,R,HH,RHR,HARA,HRRRA
HG00111,R,HR,HHR,HARA,RRRHH
HG00112,H,RA,RHR,RARH,RHHRA
HG00113,H,RH,RRR,RHRH,HRHRA
HG00114,R,HA,RAR,RARA,RHHRA
HG00115,R,RA,RAR,HHRH,RRRRA
HG00116,R,HR,RHR,RARA,HRRHH
HG00117,R,RR,RRR,HARR,RHRRH
HG00118,R,HH,RHR,RHRA,RHHRA
HG00119,R,RR,RAR,RHRH,HRHRA
HG00120,R,HR,RHR,RARA,RRHRA
HG00121,H,RA,RAR,RHRA,RRRRA
HG00122,R,HR,RHR,RARA,HRRRA
HG00123,H,RA,RHR,RARR,RHRRA
HG00125,R,RH,RAR,RARH,RRHRA
HG00126,R,RH,RHR,RHRA,RHHRA
HG00127,R,RH,RHR,RHRA,RRRHA
HG00128,R,RR,RAR,AHRA,RHHRA
HG00129,R,RH,RAR,RARH,HRRRA
HG00130,R,RA,RHR,RARH,RRRRA
HG00131,R,RR,RAR,HHRR,RRARA
HG00132,R,RH,RRR,HARA,RRRRA
HG00133,R,RH,RRR,AARH,HRHRA
HG00136,R,HA,HHR,AARH,RHRRA
HG00137,R,RR,HHR,AHRA,RRRRA
HG00138,R,HH,RRR,RRRR,RRRRA
HG00139,R,HA,HHR,RARH,HHHRH
HG00140,R,RA,AHR,HARH,RHRRA
HG00141,R,RR,HHR,RARH,RHRRA
HG00142,R,RH,RHR,HARR,HRHRA
HG00143,R,RH,RRR,HARH,RHHRA
HG00145,H,RA,RHR,HHRA,RRRRA
HG00146,R,RH,RAR,RARH,RRRHA
HG00148,R,RA,RHR,HARA,RRRRA
HG00149,R,RH,RAR,HHRH,RHRRA
HG00150,R,RR,HHR,RARH,RRHRH
HG00151,R,RA,HRR,HARA,RRRRA
HG00154,R,RA,RHR,RARH,RRRRA
HG00155,R,HA,RAR,HARA,HRHHA
HG00157,H,HA,RHR,RHRR,HRHRA
HG00158,R,RA,RHR,RARA,HHARA
HG00159,R,HA,RHR,RARA,HRHRA
HG00160,R,RA,RAR,HARH,RRHRA
HG00171,R,HH,RHR,HARR,RRRRA
HG00173,R,RA,RHR,HHRA,RRHRA
HG00174,R,RH,RAR,RHRA,RRRRA
HG00176,R,RR,HHR,RHRA,HHHRA
HG00177,R,HA,RAR,RHRA,RHRRA
HG00178,R,RA,RAR,RHRR,RRRRA
HG00179,R,RA,RAR,RARR,RHRRA
HG00180,R,RA,HRR,RHRH,RRARH
HG00181,H,HH,HHR,AHRA,HRRHA
HG00182,R,RH,HHR,RHRA,RRHRA
HG00183,R,RA,RAR,RARH,RHHAA
HG00185,R,HA,RHH,RARR,RHRRA
HG00186,R,RH,RRR,RHRA,RRHRA
HG00187,R,RH,RHR,RHRH,HRHRA
HG00188,R,RH,RAR,RARR,RRRRA
HG00189,R,RH,RAR,HARH,RRHRA
HG00190,R,RA,RHR,RHRH,HRRRA
HG00231,R,HR,HRR,HARH,RRHRA
HG00232,R,RA,RHR,RARR,HRRRA
HG00233,R,RH,RAR,HARH,RRRRA
HG00234,R,RH,RHR,RARA,HRRRH
HG00235,R,RH,RAR,RARA,ARRRA
HG00236,R,RH,RAR,RARA,HHARA
HG00237,R,RH,RHR,RARH,RRRRA
HG00238,H,RR,RHR,RARH,HHRRA
HG00239,R,HH,RHR,RARR,RHARA
HG00240,R,RA,RAR,HHRA,RRRRA
HG00242,R,RR,HHR,RARH,RRRRA
HG00243,R,HH,HAR,RARA,HHRRA
HG00244,R,RH,RAR,RARA,HRRRA
HG00245,R,RH,HHR,RARR,RRRRA
HG00246,R,HH,RAR,HHRR,RHRRA
HG00250,R,RH,RHR,HARH,HRHHA
HG00251,R,RH,RRR,HARA,ARHRA
HG00252,R,RH,RRR,RARA,RRHHA
HG00253,R,RR,RHR,RARH,RRRRA
HG00254,R,RA,RAR,RARA,RHARA
HG00255,R,RH,HAR,RHRR,HRARA
HG00256,H,HH,RAR,RARH,RRRRA
HG00257,R,RA,RHR,HARH,RRRRA
HG00258,R,RH,RAR,RHRH,HRRHA
HG00259,R,RH,RHR,RARA,RRARA
HG00260,R,RH,RHR,HARA,RRHRA
HG00261,H,HH,HHR,HHRH,HRRRA
HG00262,R,RA,RAR,RARH,RRRRA
HG00263,R,HH,RAR,HHRR,RRHRA
HG00264,R,HH,RAR,RARA,HHHRA
HG00265,R,RH,RHR,RARA,RRRRA
HG00266,R,RH,HRR,RARH,RRHRA
HG00267,R,RH,RAR,RARA,HRRRA
HG00268,R,RH,HAH,HHRA,RRRRA
HG00269,R,RR,RHR,RARH,HRHRH
HG00271,R,RA,RRR,RARH,HRHRA
HG00272,R,RH,RRR,RHRA,HRRHA
HG00273,R,HA,RHR,RARH,RRRRA
HG00274,R,RA,RAR,RRRH,RRRRH
HG00275,R,RH,RAR,RHRA,RRHRH
HG00276,R,RA,RAR,RARH,RRRRA
HG00277,R,RA,RAR,RARH,RHHRA
HG00278,R,RA,RHR,RHRA,RHRRA
HG00280,R,RH,RHR,RARH,HRRHA
HG00281,R,HA,RAR,RHRA,RRHHA
HG00282,R,RA,RRR,RARA,RRRRA
HG00284,R,RA,RAR,RARA,RHARA
HG00285,R,RA,RAR,RARH,RRARA
HG00288,R,RA,HAR,RHRH,RRHHA
HG00290,R,RH,RHR,RARA,RRHRA
HG00304,R,RA,HAR,RHRA,RRAAA
HG00306,R,RA,RHR,HRRH,RRAHA
HG00308,R,RA,RRR,RARH,RRHRA
HG00309,R,RH,RAR,RARA,HRRRA
HG00310,R,RH,RAR,RHRH,HRARA
HG00311,R,RR,RAR,RARH,RRHRA
HG00313,R,RH,RAR,HARH,RRRRA
HG00315,R,RH,HHR,HARH,HRHRA
HG00318,R,RH,RAR,RARH,RRRRA
HG00319,R,RH,HHR,RHRH,RRHRA
HG00320,R,RH,RAR,RARH,HRHHA
HG00321,R,RA,HHR,RARA,RRRRA
HG00323,R,RR,RHR,HHRA,HRRRA
HG00324,R,RH,HAR,RARH,RRHHA
HG00325,R,RH,RAR,HARA,HRRRA
HG00326,R,RH,RRR,RARA,RRARH
HG00327,R,RH,RAR,RARH,RRRRH
HG00328,R,RH,HHR,RHRA,RRHHA
HG00329,R,RH,HRR,RHRR,RHRRA
HG00330,R,RA,RHR,RARA,RRARA
HG00331,H,RH,RRR,RARH,RRRRA
HG00332,R,RA,RAR,RHRA,RHRRA
HG00334,R,RH,HHR,HARR,RRRRA
HG00335,R,RH,RRR,HARH,RRHHA
HG00336,R,RH,HRR,RARA,RRRRH
HG00337,R,RR,RHR,HARH,RRHRA
HG00338,H,RA,HAR,RARA,RHRRA
HG00339,R,RA,RAR,RHHA,RRRRA
HG00341,R,RR,RAR,HARA,RRHRA
HG00342,R,RH,RHR,RARH,HRHHA
HG00343,R,RA,RAR,HRRH,HRARH
HG00344,R,RH,HHR,HARA,RRRHA
HG00345,R,RA,HAR,RARH,RRRRA
HG00346,R,RA,RAR,RARA,RHHRH
HG00349,R,RR,RHR,HHRH,RRHRA
HG00350,R,RA,RRR,RHRH,RRRRA
HG00351,R,RA,RHR,RAHA,HRHHA
HG00353,R,RH,RHR,AHRA,RRHRA
HG00355,R,HR,RAR,HHRA,RRHRA
HG00356,R,RA,RAR,RHRH,RRRRA
HG00357,R,RH,RRR,RHRA,HRRRA
HG00358,R,HA,RRR,HHRH,RRHRA
HG00360,R,RA,HAR,RHRH,RRHRA
HG00361,R,RR,RAR,RARH,HHHRA
HG00362,R,RA,RRR,RHRA,RRAHA
HG00364,R,RH,HHH,HARH,RHRRA
HG00365,R,HA,HHR,RARA,RRRHA
HG00366,R,HR,RHR,RARH,HRHHA
HG00367,R,RA,RAR,RHRH,HRRRA
HG00368,R,RH,RAR,RHRH,HRARA
HG00369,R,HA,RHR,RRHA,RRRRH
HG00371,R,RA,HAR,RAHA,HRHRA
HG00372,R,RH,RAR,HARH,RRHRA
HG00373,H,RH,ARR,RARH,RRHHA
HG00375,R,RR,RRR,RARH,HRARA
HG00376,H,RH,RHR,RARH,ARRRA
HG00378,R,RA,RHR,HRRA,RRHRA
HG00379,R,RA,RAR,RARA,RRHRA
HG00380,R,RR,RAR,HARH,RHRRA
HG00381,R,HA,RAR,RRRA,RRRRA
HG00382,R,RH,RAR,RARA,RRHRA
HG00383,R,RA,RAR,RHRH,HRRRA
HG00384,H,RH,RHR,RHRH,RRHRA
HG00403,R,RR,RAR,RHAA,HRRRA
HG00404,R,RR,RHR,RRRH,ARRRA
HG00406,R,RR,RHH,RHHA,RHRHA
HG00407,R,RH,RHH,RAHA,RRRRH
HG00409,R,RH,RAR,RARA,RRRRA
HG00410,R,RA,RHR,RHRH,RRHRA
HG00419,R,RH,RHH,RHHH,HRRRH
HG00421,R,RA,RHR,RHRA,ARRRA
HG00422,R,RA,RHR,RRHA,HRHRA
HG00428,R,RA,RAR,RARA,RRRRH
HG00436,R,RR,RHH,RAHA,HRRRH
HG00437,R,RH,RHR,RRRA,RRRRR
HG00442,R,RH,RAR,RHHA,HRHRA
HG00443,R,RA,RAH,RHRA,RRARA
HG00445,R,RH,RAR,RHRH,RRRRA
HG00446,R,RR,RHR,RARH,HHRRA
HG00448,R,RR,RAR,RAHA,RHHRA
HG00449,R,RA,RAH,RARH,RRRRA
HG00451,R,RR,RAR,RHHA,HRRRA
HG00452,R,RR,RAR,RARA,RRHRA
HG00457,R,RA,RAR,RARA,HRHRA
HG00458,R,RR,RAR,RHHA,HRARH
HG00463,R,RR,RAR,RHRA,HRRRH
HG00464,R,RH,RAR,RHRA,HRRRA
HG00472,R,RR,RAR,RARH,RRRRA
HG00473,R,RR,RAR,RAHA,HRRRA
HG00475,R,RR,RHR,RARH,HRARH
HG00476,R,RR,RHR,RARA,HRRRH
HG00478,R,RR,RAH,RHRA,RRRHA
HG00479,R,RA,RAR,RHRA,RRRRH
HG00500,R,RH,RHR,RHHA,RRRRH
HG00513,R,RH,RRH,RHAH,RRRHA
HG00524,R,RR,HAR,RAHA,RRHHA
HG00525,R,RA,RAR,RARA,ARRRA
HG00530,R,RA,RHR,RARH,ARRRA
HG00531,R,RH,RAH,RHRH,RRRRA
HG00533,R,RH,RHH,RARA,RRRRA
HG00534,R,RH,RHR,RARH,RHRRA
HG00536,R,RH,RAR,RHRA,HRHRA
HG00537,R,RA,RAH,RRRA,HRHRA
HG00542,R,RH,RAR,RAHA,HRRRA
HG00543,R,RA,RAA,RARA,HRRRA
HG00551,R,RH,HAR,RHRA,HRRRA
HG00553,R,RR,HRR,RARA,RHRRA
HG00554,R,RH,HHR,RARH,HRRRA
HG00556,H,RR,RAH,RHHA,HRRRA
HG00557,R,RH,RHR,RARH,HRRRA
HG00559,R,RH,RAR,RHHA,RRHRA
HG00560,H,RH,RAR,RAAA,RRRRA
HG00565,R,RH,RHH,RARH,RRRRA
HG00566,R,RH,RAH,RAHA,HRRRH
HG00580,R,RR,RRH,RHHA,HRRRA
HG00581,R,RA,RHR,RHRA,HRHRA
HG00583,R,RH,RRA,RAHA,HHRRH
HG00584,R,RH,RAR,RARA,RRRRA
HG00589,R,RH,RAH,RAHA,ARRRR
HG00590,R,RH,RAR,RARA,RRRHA
HG00592,R,RA,RHR,RHRA,RHRRA
HG00593,R,RH,RHH,RARA,RRRRA
HG00595,R,RR,RAH,RARA,HRRHA
HG00596,R,RR,RHR,RAHH,HRHRH
HG00598,R,RH,RAR,RHRA,RRRRA
HG00599,R,RH,RHR,RARH,HRRAA
HG00607,R,RA,RHR,RHHA,HRHRA
HG00608,R,RH,RAH,RHRA,AHHHA
HG00610,R,RA,RHH,RARA,RRRRA
HG00611,R,RA,RAR,RHRA,RRRRA
HG00613,R,RH,RAR,RARH,HRHRH
HG00614,R,RR,HAH,RAHA,HRHRH
HG00619,R,RA,RHH,RARR,RRRHA
HG00620,R,RH,RAR,RARA,HRRRA
HG00622,R,HH,RAR,RAHH,RRRRA
HG00623,H,RH,RHR,RARA,RRHRA
HG00625,R,RR,RHR,RARA,HRRRA
HG00626,R,RR,RAR,RARH,RRRHA
HG00628,R,RH,RRR,RARA,RRRRA
HG00629,R,RR,RAR,RAAA,RRRRH
HG00631,R,RH,RAH,RARH,RHRRA
HG00632,R,RH,RAH,RARA,HRHRA
HG00634,R,RH,RHA,RHRH,RHHRA
HG00637,R,HH,RAR,HARH,HRRRA
HG00638,H,RH,HHR,RHRH,RHRRA
HG00640,R,RA,RRR,RHRR,HRRHA
HG00641,R,RR,RRR,HARR,RRRRA
HG00650,R,RH,RHH,RHRA,RRRHA
HG00651,R,RH,RAR,RARA,RRRRA
HG00653,R,RR,RHR,RARA,RRRHA
HG00654,R,RA,RAH,RAAH,HRHRH
HG00656,R,RA,RAR,RHHA,RRHRR
HG00657,R,RH,RHR,RRHA,RRRRA
HG00662,R,RR,RHH,RARA,HRRRA
HG00663,H,RH,RHH,RAHA,HRRHR
HG00671,R,RR,RAR,RAHA,RRRRH
HG00672,R,RH,HHH,RHRH,RRHRA
HG00674,R,RH,RAR,RAHA,ARRRH
HG00675,R,RH,RHR,RARH,RRRRH
HG00683,H,RR,RHR,RARH,RRRHH
HG00684,R,RH,HAH,RHRA,RRRRA
HG00689,H,RH,RAR,RAHA,RRHRA
HG00690,R,RH,RAR,RRHA,HRRRH
HG00692,R,RH,RHR,RHRA,HRHRH
HG00693,R,RR,RHR,RARH,RRHHH
HG00698,R,RR,RAR,RARH,HRHRA
HG00699,R,RA,RHR,RARA,HRARA
HG00701,R,RH,RHR,RARH,HRARA
HG00704,R,RH,RHH,RAHH,RRHRA
HG00705,R,RH,RAR,RAHH,RRRHA
HG00707,R,RH,RHR,RAHA,HRRRH
HG00708,R,RH,RAR,RHRA,HHHRH
HG00717,R,RR,RRH,RARA,RRRRA
HG00728,R,RA,RAA,RARR,RRRRH
HG00729,R,RH,RRR,RARA,RRRRA
HG00731,R,RR,RHR,RARR,HRHRA
HG00732,R,RH,HHR,RARH,RRRHA
HG00734,R,RH,HAR,RRRH,RHRRA
HG00736,R,RA,RAR,RARH,RRRRA
HG00737,H,RH,RRH,HHRH,RRHRH
HG00739,R,RA,HAR,RARH,RHRRA
HG00740,R,RH,RAR,RHHH,RRRRA
HG00742,R,HH,RAR,RHRR,RHHRA
HG00743,R,RA,HAR,RHRH,RRRRA
HG00759,R,RR,RHR,RAHA,HRHRH
HG00766,R,RA,RAR,RARH,RRRHA
HG00844,R,RH,RRH,RARA,HRRRA
HG00851,R,HH,RHH,RARH,RRHRA
HG00864,H,RA,RAR,RARA,RHRRA
HG00867,R,RH,RAR,RAHA,RRRRR
HG00879,H,RA,RHR,RHRA,HRRRH
HG00881,H,HA,RAH,RHRA,RRHHH
HG00956,R,RH,RAH,RHRH,HRRHA
HG00978,R,RA,RRR,RHRA,HHHRA
HG00982,R,RR,RAH,RHRH,RRHHH
HG01028,R,RH,RHR,RAHH,HRHRA
HG01029,R,RR,RAA,RARA,RRHRA
HG01031,H,RR,RHR,RARH,RRHRH
HG01046,R,RR,RHR,RARA,RRRRH
HG01047,H,RA,RHR,RARR,HRRRA
HG01048,R,RH,RHR,RAHH,RHHRA
HG01049,R,RA,RAR,HAHH,HRRHA
HG01051,R,RH,RAR,RHRA,HRRRA
HG01052,H,RR,RHR,RHRH,RRRRA
HG01054,R,HA,RHR,HARH,RRRRA
HG01055,R,RH,RHR,RARH,RRRRA
HG01058,H,RH,HHR,RARA,RRRHA
HG01060,R,RH,RAR,RHRH,HRRRA
HG01061,R,RR,RHR,RARH,RRARA
HG01063,R,RH,RAH,RARH,RRHRA
HG01064,R,RR,RRR,RAHA,HHHRA
HG01066,H,RH,HAR,HARR,RRRHA
HG01067,R,RA,RAR,RARA,HRRRA
HG01069,R,RA,RHR,RHRA,RRRRA
HG01070,R,RH,HAR,RHRH,RRRRA
HG01072,H,RH,RRR,RARR,RRRHA
HG01073,R,RH,RRR,RARH,HRRRA
HG01075,R,HR,RRR,RARA,HRHRA
HG01077,R,RH,RAR,RARA,HRRHA
HG01079,A,RH,HHR,RARR,HHRRA
HG01080,R,RH,RHR,RARH,RHRRA
HG01082,R,RR,RAR,RARA,RHHRA
HG01083,R,RR,RAR,HARA,RRRRA
HG01085,R,RH,RAR,HHRH,RRHRH
HG01086,R,RH,RHR,HHRH,RRRRA
HG01088,R,HA,RHR,RHRH,HRRRA
HG01089,R,RH,RRR,RHRA,HRARA
HG01092,R,RH,RAR,RAHH,RRHRA
HG01094,R,RA,RAR,RARA,RRRRA
HG01095,R,RR,HAR,HARA,RRARH
HG01097,R,RR,RAR,HARH,HHRRA
HG01098,R,RH,HRR,RARA,RRRRA
HG01101,H,RA,HHR,AARH,RARRA
HG01102,R,RH,RHR,HARH,RRRRA
HG01104,H,RR,RAH,RAHH,RRRRA
HG01105,R,RH,RAR,RHRH,HRRRA
HG01107,R,RH,RAR,RARA,RRARA
HG01108,R,RH,RHR,RARA,RHRRA
HG01110,R,RA,RAR,RHRH,RRRRA
HG01111,R,RA,RHR,RHRR,HRHRA
HG01112,R,RH,RHR,HRRA,RRHRA
HG01113,R,RH,RHR,HHRA,HRHHA
HG01119,R,RH,HHR,RARH,RHHRA
HG01121,H,RA,HAR,RHRR,RRHRA
HG01122,R,RR,RHR,RARA,RRRHA
HG01124,R,RA,RHR,RHRA,HRHRA
HG01125,R,HR,RHR,RHRA,RRRRA
HG01130,R,RR,RAR,RHRH,HRHRA
HG01131,R,RH,RRR,RARA,HRHRA
HG01133,R,RA,RAR,RARH,RRARA
HG01134,H,RH,RHR,RARR,HHRRA
HG01136,R,RR,RAR,RHRR,RRHHA
HG01137,R,RA,RAR,RARH,HRHHA
HG01139,R,RH,RAR,RHRA,HRHRA
HG01140,R,HA,RAH,HHRH,RHHRA
HG01142,H,RH,RHR,RARH,RRRRA
HG01148,R,RR,RAR,ARRR,RRHRA
HG01149,R,RR,RHR,HARH,RRHRA
HG01161,R,RH,RAR,HHRA,RHHRH
HG01162,R,RR,HAR,RHHH,RRRRA
HG01164,R,RA,RHR,RARR,HRHRA
HG01167,R,RA,RAR,RHRA,RHHHA
HG01168,R,RH,RAR,RHRH,RHRRA
HG01170,R,RH,RAR,RARA,HRRRA
HG01171,H,RA,RHR,RHRR,HRRRA
HG01173,R,HA,RAR,RARA,RHHRA
HG01174,H,RA,RAR,HAHH,HRAHA
HG01176,R,HA,HAR,RHHA,HRRRA
HG01177,H,HH,RAR,HHRR,HRHRA
HG01182,R,RH,HHR,RARR,HRHRA
HG01183,H,RR,HAR,RHRH,HRRRA
HG01187,R,RH,RRR,RHRH,RRARA
HG01188,R,RA,RAR,RARA,HRRRA
HG01190,R,RA,RRR,RHHR,HHHRA
HG01191,R,RH,HAR,RHRA,RRHRA
HG01197,R,RA,RHR,RARH,RRHRA
HG01198,H,RH,RAR,RARR,RRRRH
HG01200,R,RH,RAR,HAHH,HRRHA
HG01204,R,RR,RAR,RARH,RRHRA
HG01205,R,RH,HHR,RHRH,RRHRA
HG01241,R,RA,RHR,RAHH,RRHRA
HG01242,H,RR,RAR,RARH,HRRRA
HG01247,R,HA,RHR,RHRH,RRRRH
HG01248,R,HH,RAR,RARA,RRRRA
HG01250,R,HH,RAR,HAHH,RRHRA
HG01251,R,RR,RHR,RARH,RRHRA
HG01253,R,HH,RHR,RHRH,RHHRA
HG01254,R,RA,HAR,RARH,HRRRA
HG01256,R,RH,AAR,RARA,RRARA
HG01257,R,RH,HAR,RARH,RHHRA
HG01259,R,HH,RHR,RARH,RRHRA
HG01260,R,RR,HHH,HHRA,RHHRA
HG01269,H,RH,RAR,RARH,HRRRA
HG01271,R,RH,HAR,RARA,RRRRA
HG01272,R,RA,HAR,RARA,RRRRA
HG01275,R,RA,RHR,HARR,ARARA
HG01277,R,RR,RAR,RARA,RHRRA
HG01280,R,RR,RAR,HARR,RHRRA
HG01281,H,RA,RAR,RARR,RHRRA
HG01284,R,RH,HHR,RARH,RRHRA
HG01286,R,HH,RAR,RARA,HRRHA
HG01302,H,HH,RAR,HARA,RRRRA
HG01303,R,RH,HAR,RHRH,RHRRA
HG01305,R,RH,RAR,RARH,RHHHA
HG01308,R,RA,RAR,RHRA,RHHRA
HG01311,R,RA,RRR,RHRH,RHRRA
HG01312,H,RA,RAR,RARR,RRRRA
HG01323,R,RH,RHR,RARA,RRRRA
HG01325,R,HA,RHR,RARH,HRHHA
HG01326,R,RA,RHR,RARH,HRRRA
HG01334,R,RR,HHR,RARR,HRRRA
HG01341,H,RR,RHR,RARR,HRRRA
HG01342,H,RH,RAR,RHRH,RRRRA
HG01344,R,RR,RAR,RARA,RRRRA
HG01345,R,RA,RHR,HAHH,HRARA
HG01348,R,RA,HAR,RHRH,RRRRA
HG01350,H,RR,RHR,HARA,RRRRA
HG01351,R,RH,RAR,HARR,RRRRA
HG01353,R,RH,HHR,RHRH,RRRRA
HG01354,R,RR,HAR,RARH,RRRRA
HG01356,R,RR,RAR,AHRA,RRRRA
HG01357,R,RA,RRR,RARR,RRHHA
HG01359,R,RH,RHR,RARH,HHARA
HG01360,R,RA,RAR,RARH,RHRHA
HG01362,R,RA,RHR,RARH,RRHHA
HG01363,R,HH,HAR,RAHH,RRHRA
HG01365,R,RR,RHR,RARR,RRRRA
HG01366,R,HR,HAR,RHRH,RRARA
HG01369,R,RR,RAR,RARH,HRRRA
HG01372,R,HH,RAR,HARA,RHRRA
HG01374,H,HH,HHR,RHRH,RRHRA
HG01375,R,HR,RAR,RARH,RRRRA
HG01377,R,RH,RAR,HARH,RRHRA
HG01378,R,HR,RRR,RARA,RHRRA
HG01383,R,HH,RHR,RARR,HRRHA
HG01384,R,RA,RHR,RHRA,RRHRA
HG01389,R,HA,RHH,AHRA,RRHRA
HG01390,R,RA,HAR,RARH,RRHRA
HG01392,R,RR,HAR,RHRH,RRHRA
HG01393,H,RR,HHR,RHRH,RRRRA
HG01395,R,RA,HHR,RARA,RRRRA
HG01396,R,RR,RRR,HHRH,HHRRA
HG01398,R,HH,RHH,RRRR,HRRRA
HG01402,R,HH,RAR,RAAH,RHRRH
HG01403,R,RH,RRR,RARR,RRRRA
HG01405,R,RR,RRR,RARH,HHHRA
HG01412,R,AA,RHR,HHRH,RHHRA
HG01413,R,RA,RAR,RARH,RRRRA
HG01414,R,RA,RAR,RARH,RRARA
HG01431,R,RA,RAR,RHRH,RRHRA
HG01432,R,RR,RRR,RARA,HHRRA
HG01435,R,RR,RAR,RRRA,RRRRA
HG01437,R,RH,RHR,RARH,HRAHA
HG01438,R,RA,RHR,HHRA,RRRRA
HG01440,R,RR,RHR,RARR,RRARA
HG01441,R,RH,RAR,RHRA,RHRRA
HG01443,R,HA,RRR,RHRH,RRRRA
HG01444,R,RR,RHR,RAHH,RRRRA
HG01447,R,RR,HAR,HHHA,HHHRA
HG01455,R,RA,RAR,RHRH,HRRRA
HG01456,H,RA,RAR,RARH,RRRRA
HG01459,R,RH,HHR,RARR,RHRRA
HG01461,H,RA,RRR,RAHR,HRHHA
HG01462,R,RH,RAR,HARA,HRRRA
HG01464,R,RH,RAR,RARH,RRRHA
HG01465,R,RA,RRR,HARA,HRHRA
HG01468,R,RH,HHR,HARR,HHRRA
HG01474,R,HH,HHR,RARH,RHAHH
HG01479,R,RH,RAR,RARA,AARRA
HG01485,R,RR,RRR,RHRA,ARHRA
HG01486,R,RR,RAR,RARH,RRRRA
HG01488,R,RH,RHR,RARH,HRHRH
HG01489,R,HH,HAR,RARH,AHHRA
HG01491,R,HH,RAR,HARR,RHHRA
HG01492,R,RR,HHR,RHRA,AHHHA
HG01494,R,RH,RAR,RARH,RRRRA
HG01495,H,RR,RAR,RARR,HHHRA
HG01497,R,RA,HHR,RHRH,RRRRA
HG01498,R,RR,RHR,RHRR,HHHRA
HG01500,R,RA,RHR,RARA,RRHRA
HG01501,R,RA,HAR,RARH,RRHRA
HG01503,R,HR,RHR,HARA,RRARA
HG01504,R,RH,RAR,HARH,RRHRA
HG01506,H,RH,RAR,HARH,HRARA
HG01507,R,HH,RRR,RARA,HHRRA
HG01509,R,RH,RAR,RHRA,ARRRA
HG01510,R,HH,RRR,RHRH,RRHRA
HG01512,H,HH,RRR,HHRH,RHRRA
HG01513,R,RH,RAR,HARA,HHRRA
HG01515,R,HA,RRR,HARA,RHHRA
HG01516,R,RA,RRR,HARA,HRHRA
HG01518,R,RH,RHR,HARA,AHARA
HG01519,R,RA,RHR,RARR,RRHRH
HG01521,R,RR,RHR,HRRH,RHRRA
HG01522,R,RH,RAR,RARA,HRARA
HG01524,R,RA,HHR,RARA,HHHRA
HG01525,R,RR,AHR,HARH,RAHRA
HG01527,R,HH,HAR,HARA,ARARA
HG01528,R,RA,RHR,AARH,RRHHH
HG01530,R,RH,RAR,RARA,RRHRA
HG01531,R,RR,RAR,RARA,HHHRA
HG01536,R,RA,RHR,RHRA,RAARH
HG01537,H,RA,RAR,RARH,HRHRA
HG01550,R,HH,RAR,RARA,RHRRA
HG01551,R,RA,RAR,HARR,RRRRA
HG01556,H,RR,RRR,RRRH,RRRRA
HG01565,H,RA,RAR,RHRH,HHHRA
HG01566,H,RH,RAR,HARH,AHHHA
HG01571,H,RH,HAR,RARA,RRRRA
HG01572,A,RR,RAR,RAHH,HRRRA
HG01577,H,RA,RAR,RHRA,RRRRA
HG01578,R,RR,HHR,HARH,HRRRA
HG01583,H,RA,RAR,RARA,RRHRA
HG01586,R,RA,RAR,HHRH,HRRRA
HG01589,R,RH,HAR,RARH,RRRRA
HG01593,R,HH,RHR,RHRA,RHRHA
HG01595,R,RH,RAR,RHRA,HRHRA
HG01596,R,RH,RHR,RARA,RHRRA
HG01597,R,RA,RAR,RHAA,HRRRA
HG01598,H,RH,RAR,RARA,RRRHA
HG01599,R,RH,RHH,RAHA,RHRRA
HG01600,R,RR,RHR,RARA,HRRRA
HG01602,R,RR,HAR,RARA,RHRRA
HG01603,R,HA,HAR,HARH,RHHRH
HG01605,R,RR,RHR,RARH,RRRRA
HG01606,R,RA,RHR,RHRA,RRRRA
HG01607,R,RA,RAR,RHRR,RRRRA
HG01608,R,RR,HAR,RARA,RRHRA
HG01610,R,RH,RHR,AARH,RRRRA
HG01612,R,HA,RRR,RARH,RHRRA
HG01613,R,RA,HAR,RARH,HRARA
HG01615,R,RR,RAR,HARH,ARARA
HG01617,R,RA,RAR,HARR,RHRRA
HG01618,R,RH,RAR,AARA,HRRRA
HG01619,R,HA,RAR,HHRH,RRHRA
HG01620,R,HA,RHR,RARA,RRARA
HG01623,R,RA,RHR,RARR,HHARA
HG01624,R,HA,RAR,HHRA,RRRRA
HG01625,R,RA,RHR,HARA,RRHRA
HG01626,R,RH,HAR,RARH,RRRRA
HG01628,R,RH,RHR,HHRH,HRRRA
HG01630,R,HH,RHR,HARH,RHRHA
HG01631,R,HR,RHH,RHRH,HRHHA
HG01632,R,RH,HHR,RHRH,RRAHA
HG01668,R,RH,RRR,HHRR,RRHHA
HG01669,R,RR,RAR,RARH,RRRRA
HG01670,R,RH,RAR,HARH,RRRRA
HG01672,R,RA,RAR,HARA,RHHRA
HG01673,R,RR,RAR,RARH,HHHRA
HG01675,R,RA,HHR,RHRH,RRHHA
HG01676,R,RH,RRR,RHRA,RHRRA
HG01678,R,RH,RHR,RARA,HRRRA
HG01679,R,RR,RAR,RARA,RHRRA
HG01680,R,HH,RHR,RHRA,RRRRA
HG01682,R,RH,RAR,RHRH,RRRRA
HG01684,R,HA,RHR,HARH,ARHRA
HG01685,R,RH,HHR,HARR,RRHRA
HG01686,R,RA,RAR,HARA,RHRRA
HG01694,R,RA,RAR,RARH,RHARA
HG01695,R,RA,RHR,RHRH,HRHRH
HG01697,R,RA,RHR,RHRH,HRHRA
HG01699,R,RR,RAR,RARA,RHHRA
HG01700,R,RA,RHR,HARH,RRRRA
HG01702,R,RA,HAR,RHRA,RRRRA
HG01704,R,RA,RHR,HARR,RRARA
HG01705,R,RH,RHR,HARH,RRRRA
HG01707,R,HA,HHR,RARA,RRRRH
HG01708,R,HH,RHR,HARA,RRRRA
HG01709,R,RR,RAR,HARA,HHRRA
HG01710,R,RH,RHR,HHRH,HHHRA
HG01746,R,RR,RAR,RARH,RRRRA
HG01747,R,RH,HAR,HARA,RRRRA
HG01756,R,RA,RHR,HARH,RHRRA
HG01757,R,RA,RHR,HHRR,RRRRA
HG01761,R,RA,RHR,HARR,RHRRA
HG01762,R,RR,RAR,HARR,HHHRA
HG01765,R,RR,HAR,RHRA,RHHRA
HG01766,H,RA,AAR,RARA,RHHRA
HG01767,R,HR,RAR,RARH,RRHRA
HG01768,R,RH,RHR,RARA,RRRRA
HG01770,R,HH,RAR,HARH,HRHRA
HG01771,R,RH,RRR,HHRH,RRARH
HG01773,R,RA,RRR,RARA,RRRRA
HG01775,R,HA,RHR,RARA,HRARA
HG01776,R,RA,RHR,HHRH,HHRRA
HG01777,R,HH,RHR,RARH,RRHRH
HG01779,H,RH,RHR,RARH,RRHRA
HG01781,R,RA,RHR,HARA,HRRRA
HG01783,R,RH,RHR,HARR,RRHRA
HG01784,R,RH,RHR,HARR,RRHRA
HG01785,R,RH,RRR,HARA,HRRRA
HG01786,R,HH,RHR,HARR,RHHRA
HG01789,R,HH,RHR,HARH,RHHRA
HG01790,R,RH,RAR,AARH,RRHRA
HG01791,R,HH,RAR,RHRH,RRAAA
HG01794,R,RA,RRA,RARA,RAHRH
HG01795,H,RR,RAR,RHRH,RHRRA
HG01796,R,RA,RHR,RHRA,HRHHA
HG01797,H,RH,RAR,RHAA,ARRRH
HG01798,R,RA,RHH,RARH,RRRRA
HG01799,H,RA,RAR,RHRH,HRHRH
HG01800,R,RH,RHR,RARA,RHARA
HG01801,R,HH,RAR,RAAA,RHRRH
HG01802,R,RR,RHR,RARA,RRRRA
HG01804,R,RH,RHR,RHRA,HRHRH
HG01805,R,RH,RAH,RARH,RRRRA
HG01806,R,RH,RAR,RHRA,RRHHH
HG01807,R,RR,RHR,RHRH,RRRRA
HG01808,R,RA,RAH,RARA,HHRRH
HG01809,R,RH,RAR,RAHH,RRHHH
HG01810,R,RH,RAR,RAHH,HRRRA
HG01811,R,RH,RHH,RAHA,HHRRA
HG01812,R,RA,RRH,RAHA,HHRHA
HG01813,R,RH,RAR,RHHA,ARHRA
HG01815,H,RH,RHR,RAHA,HRRRA
HG01816,R,RA,RRR,RHAA,HHRRA
HG01817,R,RA,RAH,RRHA,RRHRA
HG01840,R,RA,RHH,RHRH,HRRRA
HG01841,R,RR,RAR,RARA,RRRHA
HG01842,R,RH,RAR,RHRH,RRHRA
HG01843,H,RH,RHR,RHRA,RRRRA
HG01844,R,RR,RHR,RHRH,RRRRA
HG01845,R,RH,RAR,RHRA,RRRRA
HG01846,R,RH,RAR,RAHA,RRRRA
HG01847,R,RH,RAH,RARA,HRHRA
HG01848,R,RA,RHR,RHRH,RRARA
HG01849,R,RR,RHR,RHRA,RHHRA
HG01850,R,RH,RAR,RHRH,HHRRA
HG01851,R,RH,RHR,RARA,HRHRH
HG01852,R,RH,RHH,RHRA,HRRRA
HG01853,H,RH,RRH,RAHH,HRRRA
HG01855,R,RH,RAR,RHRH,RRHRA
HG01857,R,RH,RAH,RAHA,RRRRA
HG01858,H,RA,RRR,RARA,RHRRA
HG01859,R,RR,RHR,RARA,RRRHH
HG01860,R,RA,RRR,RARH,ARRRA
HG01861,R,RH,RHR,RRHA,ARRRA
HG01862,R,RA,RHR,RARA,AARHA
HG01863,R,RA,HAR,RARH,HHRRA
HG01864,R,RA,RAR,RHRA,RHHRA
HG01865,R,RH,RHR,RARH,RRRRH
HG01866,R,RH,RAR,RAHA,HHRRA
HG01867,R,RH,RAR,RARH,HRRRA
HG01868,R,RH,RRH,RARA,HHRRH
HG01869,R,RH,RHR,RARH,RRRRA
HG01870,R,RH,RHR,RARH,RARRA
HG01871,R,RH,RAR,RAHA,RRHHA
HG01872,H,RH,RAR,RARA,HRRRH
HG01873,H,RR,RHR,RARH,HRRHA
HG01874,R,RA,RHH,RARA,HRHRA
HG01878,R,RH,RHR,RHHA,RHRHA
HG01879,H,RR,RAR,RRRR,RRRRH
HG01880,R,RA,RHH,RARH,RHARH
HG01882,R,RR,RAR,RRRH,RRRRA
HG01883,R,RR,RHR,RAHR,RHHRA
HG01885,R,RR,RHH,RHRA,HRHRA
HG01886,R,HH,RAH,RRRH,RRHRA
HG01889,R,RH,RAR,RARA,RRHRA
HG01890,R,RA,RHH,RARA,HHRRA
HG01892,R,RR,RHR,RARH,RRHRA
HG01893,H,RR,RAR,RHRH,HRRRA
HG01894,R,RH,RAR,RHRA,RAHRA
HG01896,R,RR,RAR,RARR,RRRRA
HG01912,R,RH,RAR,RAAR,RHHRA
HG01914,R,RR,RAR,RARH,HRHRR
HG01915,R,RH,RAR,RARH,RRHRA
HG01917,R,RA,HAR,RARH,HRRRA
HG01918,H,RH,HAH,RARH,ARHRA
HG01920,H,RH,RAR,RARA,HRRRA
HG01921,H,RR,RHR,RAHH,HRHRA
HG01923,H,HR,RAR,RARH,ARRRA
HG01924,R,RH,RAR,RAAA,HRHRA
HG01926,R,RR,RAR,RHRH,RRRRA
HG01927,R,RR,RAR,RHRA,HRRRA
HG01932,R,RH,HAR,RAAH,RRRRA
HG01933,R,HH,RHR,RARH,HRHRA
HG01935,R,RR,HAR,RARR,HRRRA
HG01936,H,RR,HAR,RAHH,HHRRA
HG01938,H,RR,RHR,RARR,HRRRA
HG01939,H,RH,RAR,RHHR,RRRRA
HG01941,R,HA,HRH,RHRA,ARHRA
HG01942,R,RA,RAR,RAHH,HRHRA
HG01944,R,RR,RAR,RHHA,RRRRA
HG01945,H,RR,HAR,RRRH,RRRRA
HG01947,H,RA,RAR,RAHH,RRRRA
HG01948,R,RA,HHR,HHRA,HRRRA
HG01950,R,RH,RAR,RHRA,HRRRA
HG01951,R,RA,HAR,RHRA,HRRRA
HG01953,R,RR,RAR,RHRH,HRRRA
HG01954,R,RR,RAR,RHHH,HRHRA
HG01956,R,RH,RAR,RHHH,RRRHH
HG01958,R,RR,RHR,RRRR,RHHRH
HG01961,H,RR,AAR,RAAH,RRRRA
HG01965,R,RR,HHR,RAHA,RRRRA
HG01967,R,RH,RAR,RARH,RRRRA
HG01968,H,RH,RHR,RAHA,RRRRA
HG01970,R,HA,ARR,RRRA,RRRRA
HG01971,H,RR,RHR,RARA,ARARA
HG01973,H,RA,RAR,RHHH,RRRRA
HG01974,R,RH,RAR,RHHA,HRRRA
HG01976,H,RH,RAR,RARH,RRRRA
HG01977,H,RA,HAR,RHRH,RRRRA
HG01979,R,RH,RAR,RHHR,HRRRA
HG01980,R,HH,HAR,RHHA,RRHRA
HG01982,R,HH,RAR,RAHR,HRRHA
HG01985,R,RH,RAR,RARH,RHRRA
HG01986,R,HR,HAR,RHRA,RHHRA
HG01988,R,RR,RAR,HHRR,RRRRA
HG01989,R,RR,RRR,RHRR,RHRRA
HG01990,R,RH,RAR,RARA,RRHRA
HG01991,R,RH,HHR,RARH,HRRRA
HG01992,H,RH,RAR,HHRA,RRRRA
HG01997,H,RR,RAR,HHHH,HRHRA
HG02002,H,RR,RAR,RHRA,RRRRA
HG02003,H,RH,HAR,RARA,RRRRA
HG02006,R,RH,RHR,RARR,AARRA
HG02008,H,RR,HAR,RARA,RRRRA
HG02009,R,HR,RAR,RARA,RRRRA
HG02010,H,RR,RAR,RARH,RRRRA
HG02012,R,RH,RAH,RHRR,ARHRA
HG02013,R,HA,RAR,RARH,RRRRH
HG02014,R,RA,RHR,RARH,RRHRH
HG02016,R,RH,RAR,RAHA,RRRHA
HG02017,R,RH,RAR,RARA,RRHRH
HG02019,R,RR,RHR,RARA,HRHRA
HG02020,R,RR,RHR,RARA,RHHRA
HG02023,H,RH,RAR,RARA,HRRRA
HG02025,R,RH,RAR,RHRH,RRRRA
HG02026,R,RR,RAR,RHHA,HHRRA
HG02028,R,RH,RAR,RARA,RARRR
HG02029,R,RA,RHH,RHRA,HRRRH
HG02031,R,RA,RHH,RARA,HRRRA
HG02032,R,RR,RAR,RAHA,RRRHA
HG02035,R,RH,RAR,RARR,RRHRA
HG02040,R,RH,RAR,RHRH,RRRRH
HG02047,R,RH,RAR,RARA,ARRRH
HG02048,R,RA,RAH,RHRA,RRHRA
HG02049,R,RH,RAH,RHRA,HHHHH
HG02050,R,RH,RAR,RHRA,HRRRA
HG02051,R,RA,RAH,RARA,RHHHA
HG02052,R,RH,RAR,RARA,HRRRA
HG02053,R,RH,RAR,RARH,HRHRH
HG02054,R,RH,RAR,RARA,ARRRA
HG02057,H,RH,RHR,RHHA,HHRRA
HG02058,R,RH,RAR,RAHH,RRRHA
HG02060,R,HR,RHH,RHAA,HRHRA
HG02061,H,RR,RAH,RARH,HRRRA
HG02064,H,RA,RAR,RHRH,HHRRH
HG02067,R,RR,RAR,RRRH,HHHRA
HG02069,R,RH,RAH,RHRA,HHRRA
HG02070,R,RH,RAR,RHRA,HRRRA
HG02072,R,RH,RHR,RHHA,AARRH
HG02073,R,RA,RAR,RHRA,ARRRH
HG02075,R,RH,HAH,RARH,RHHRA
HG02076,R,RA,RAH,RARA,RRHRA
HG02078,R,RH,RAR,RAHA,RRRRA
HG02079,R,RH,RAR,RARA,RRRHA
HG02081,R,RA,RAR,RARA,HRRRA
HG02082,R,RR,RRR,RHHA,HRRRA
HG02084,R,RH,RAR,RHRA,RRRRA
HG02085,H,RR,RAR,RARA,AHHRH
HG02086,R,RR,RAR,RHRA,RRRHH
HG02087,R,RH,RAR,RHRA,HRRRA
HG02088,R,RH,RAR,RARA,HHHRH
HG02089,H,RR,RAR,RARH,HRRRA
HG02090,H,RA,RAR,RHHH,RHHRA
HG02095,R,RH,RAR,RARR,HAHRA
HG02102,H,RH,AAR,HHRH,HRRRA
HG02104,A,RH,RAR,RHHA,HRRRA
HG02105,H,RH,RAR,RHRH,RRHRA
HG02107,R,RH,RHH,RARH,RRHRA
HG02108,R,RR,RAR,RHRH,RRRRH
HG02111,R,AH,RAH,RHRA,RRHRA
HG02113,R,RH,RAR,RARA,RRHRH
HG02116,R,RH,RAR,RARA,RRRRH
HG02121,R,RH,RHR,RARA,HRRRA
HG02122,R,RA,RHH,RARA,HRRRA
HG02127,R,RA,RRR,RARA,RRRRH
HG02128,H,RH,RHR,RARA,HRHRA
HG02130,R,RH,HAR,RARA,RAHRA
HG02131,A,RR,HAR,RARH,RRRRA
HG02133,R,RR,RHR,RAHA,RRRHA
HG02134,H,RH,RHR,RAHA,RRRHA
HG02136,R,RR,RAH,RARA,RRHRA
HG02137,R,RA,RAR,RHRH,HRHRA
HG02138,R,RR,RHR,RARH,RHRRR
HG02139,R,RH,HAR,RRAA,RRRAA
HG02140,R,RA,RHR,RHRA,RRHRA
HG02141,H,RH,RHR,RARA,RRRRA
HG02142,R,RR,RAR,HARA,HRRRA
HG02143,R,RH,RAH,RARA,RHRRA
HG02144,R,RR,AAH,RARH,RRRRA
HG02146,R,RH,RAR,RAHH,RRRRH
HG02147,R,RR,AAR,RHRA,RRRRA
HG02150,A,RH,RAR,RRRA,HRRRA
HG02151,R,RR,RRR,RHRH,RRHRA
HG02152,H,RH,RAR,RAAA,HHRRA
HG02153,R,RR,RHR,RAHA,RHRRA
HG02154,R,RH,RHR,RRRH,RRRRA
HG02155,R,RH,RHR,RHHH,RRHHH
HG02156,R,RH,RHH,RHHA,RRHRA
HG02164,H,RH,RAR,RHHA,RHHRA
HG02165,R,RH,RHR,RARH,RRRRA
HG02166,R,HH,RAH,RARA,HRRRA
HG02178,H,RH,RAH,RAHA,HRHRH
HG02179,R,RR,RAR,HARH,HRRRA
HG02180,R,RR,RAR,RARA,RRHRA
HG02181,H,RR,RAR,RARA,HRRHH
HG02182,R,RH,RHR,RARA,RHRRA
HG02184,R,RA,RAR,RARA,RHRRA
HG02185,R,RH,RHR,RARA,HRRHH
HG02186,R,RR,RHR,RHRA,RRRRA
HG02187,R,RH,RAR,RHRA,HRRRA
HG02188,R,RA,RHR,RARA,RHRRH
HG02190,R,RH,RHA,RHRA,HHRHR
HG02215,R,RH,HAR,HARH,RRHRH
HG02219,R,RR,RHR,RARH,RRHRR
HG02220,R,RH,RAR,RARA,RRHRA
HG02221,R,RH,RAR,RHRA,RRRRH
HG02223,R,RA,RHR,HHRR,RRHRH
HG02224,R,RA,HAR,HHRH,RRAHA
HG02230,R,RA,RAR,RARA,RRRRA
HG02231,R,RH,RHR,HARH,RRHRA
HG02232,R,RA,RAR,HARR,HRRRA
HG02233,R,RR,RAR,HHRA,RRHRA
HG02235,R,RH,RRR,RHRH,RHHRA
HG02236,R,RA,RHR,RARR,HRRRA
HG02238,R,HH,RAR,RHRH,ARRHA
HG02239,R,RR,HHR,RARH,HHRRH
HG02250,R,RR,RAR,RAHA,RRHRA
HG02252,R,RR,HAR,RARH,ARARA
HG02253,R,RH,RAR,RARA,HRRRA
HG02255,R,RH,RAR,RARH,RHHRA
HG02256,R,RH,RHR,RHRA,HRRRA
HG02259,H,RR,RAR,RARH,HRRRA
HG02260,H,RR,HAR,HAHH,ARRRA
HG02262,R,RR,RHR,RHRA,HRRRA
HG02265,H,RH,HAR,RARH,RRRRA
HG02266,R,RR,RAR,RARA,RRRRA
HG02271,A,RR,RAR,RARA,RRRRA
HG02272,A,RH,RAR,RHHR,HRRRA
HG02274,H,RH,RAR,RHRH,RHRRA
HG02275,H,RA,RAR,RRHA,RRHRA
HG02277,H,RH,RHR,RHRH,AHHRA
HG02278,R,RR,RAR,RARA,ARRRA
HG02281,R,HR,RAR,RRRR,RRHHA
HG02282,R,RR,RHR,RHRA,RRHRA
HG02283,R,RR,RHR,RRRH,RRRRA
HG02284,H,HR,RHH,RHHH,RRHRH
HG02285,R,RH,RHR,RARA,RRHRA
HG02286,A,RA,RHR,RARA,RRHRA
HG02291,A,RH,HHA,RHRA,HRRRA
HG02292,R,RH,HAR,RHRH,HRRRA
HG02298,R,RH,HAR,HHRH,HRHRA
HG02299,H,RH,RAR,HAAH,RRRRA
HG02301,H,RR,RAR,RAHH,RHRRA
HG02304,H,RH,RAR,RHRA,HRRRA
HG02307,R,RH,RAR,RARA,RRARA
HG02308,R,RA,RHR,RARH,HRHRH
HG02309,R,RH,RHR,RARH,RRRRH
HG02312,R,RH,HAR,RARR,HRRRA
HG02314,R,RA,RAR,RARR,RHHRA
HG02315,R,RA,RAR,RARR,HRRRA
HG02317,R,RH,RHR,RARA,RRRRA
HG02318,R,RA,RAR,RARH,RHRRA
HG02322,R,RH,RAH,RRRR,ARRRA
HG02323,R,RR,RHR,RARA,RRRRH
HG02325,R,RR,HHH,RARA,HRRRA
HG02330,H,RH,RAR,RHRA,HRHRA
HG02332,R,RR,HAH,RARA,RRHRA
HG02334,R,RH,RAH,RARH,RRRRA
HG02337,R,RR,RAR,RHRH,RHHRA
HG02339,R,HR,RAR,RARH,RAHRA
HG02343,R,RR,RAR,RARA,RRHRA
HG02345,R,RR,RHR,HAHH,RRRRA
HG02348,R,RR,RHR,RARR,HHRHA
HG02351,R,RR,RHH,RAHA,RHRRA
HG02353,R,RR,RAH,RAHH,HRRRA
HG02355,R,RH,RHR,RHRH,RRRHH
HG02356,R,RR,RAH,RHRA,HRRRR
HG02360,R,RH,RAR,RAHH,RRRHH
HG02364,R,RH,RAR,RHHH,HRRHA
HG02367,H,RA,RAH,RHRH,RRRRA
HG02371,R,RR,RAR,RHRA,RHHRA
HG02373,R,RR,RRH,RHHA,HHRRA
HG02374,H,RA,RHR,RARA,RRRRH
HG02375,R,RR,RAR,RHRH,HRHRA
HG02379,R,RH,RAR,RAHH,RRRRH
HG02380,H,RH,RAH,RHHA,RRHRA
HG02382,H,RA,RAR,RARH,HRHRA
HG02383,H,RH,RHR,RARA,HRRRH
HG02384,R,RH,RHR,RHRA,HRRHH
HG02385,R,RH,RAR,RAHA,ARHRA
HG02386,R,RH,RAR,RARA,RRRHA
HG02389,R,RH,RAR,RHRA,HHRRR
HG02390,R,RA,RAH,RAHA,RRRHA
HG02391,R,RH,RHR,RARA,HRRRR
HG02392,H,RR,RAR,RHRA,RRHHA
HG02394,R,RH,RAR,RAHA,RRARA
HG02395,R,RA,RAR,RAHA,HRRRA
HG02396,R,RH,RHR,RHHA,RHRRA
HG02397,R,RH,RHH,RARH,RRRRA
HG02398,R,RR,RAH,RAHH,HRRRH
HG02399,R,RR,RHH,RAAA,HRHRA
HG02401,H,RH,RHR,RHRA,HRRRA
HG02402,R,RA,RAR,RAHH,HRRHH
HG02406,R,RH,RHR,RARH,RHRRH
HG02407,A,RR,RHR,RHRH,RRRHA
HG02408,H,RH,RHH,RARH,RRRRA
HG02409,R,RH,RAH,RHRA,RRRRH
HG02410,R,RH,RHR,RHRH,RRRRA
HG02419,R,HR,HAR,RHRR,RRRRA
HG02420,R,RH,HAR,RARH,HRHRA
HG02425,R,HR,RAR,RRHH,HRHRA
HG02427,R,RH,RAR,RHRA,RARRA
HG02429,R,RH,RHR,RHRA,RRRRA
HG02433,R,RH,RAA,RRRH,HRRRA
HG02439,R,RA,HAR,RARR,HAAHA
HG02442,R,HH,RAR,RHRH,RRHRA
HG02445,R,RH,RAR,RARH,RHRRA
HG02449,R,RA,RAR,RARH,HRRRH
HG02450,R,RH,RAH,RARH,HRHRH
HG02455,R,RH,RAR,RARA,HRRRA
HG02461,R,RR,RAR,RHRA,HRRRA
HG02462,A,RH,RAH,RHRH,RHHRA
HG02464,R,RA,RAR,RARA,RHHRA
HG02465,H,RA,RHR,RHRH,RRRRH
HG02470,R,HA,HHR,RHHA,RAHRA
HG02471,R,RH,RAR,RARA,RHHRA
HG02476,R,HA,RHR,RARA,HHHRA
HG02477,R,RR,RHR,RARH,RRHRA
HG02479,R,RR,RHR,RARR,RRHRA
HG02481,R,RH,RAR,RRRA,RRRRH
HG02484,R,RH,RAH,RHRR,HHHRA
HG02485,H,RH,RAH,RHRH,RHHRA
HG02489,R,RR,RAR,RARH,RRHRA
HG02490,R,RA,RHR,RHRA,HRHRA
HG02491,R,RA,RHR,RARA,RHHRA
HG02493,R,RH,RAR,HARH,RHARA
HG02494,R,RA,RHR,HARR,RRHRH
HG02496,R,HH,RRH,RHHH,RRHRH
HG02497,R,AH,RHR,RARA,ARHRA
HG02501,R,RR,RHR,RHRH,RRRRA
HG02502,R,RR,RAR,RHHH,RRARA
HG02505,R,RH,RHR,RARR,RHHRH
HG02508,R,RH,RAR,RRRH,RHHHA
HG02511,R,RH,RHR,RARH,RRHRH
HG02512,R,RH,RHR,RHRA,HRRRH
HG02513,R,RR,HHR,RAHA,RRHRA
HG02521,R,RH,RAR,RARA,RRRRA
HG02522,H,RH,RAR,RARA,RRHRA
HG02536,R,RH,RHR,RARR,HHHRA
HG02537,R,HR,RAR,RHRH,RRRRA
HG02541,R,RA,RAR,RHRH,RRRRH
HG02545,R,RR,RAR,RARH,RRRRH
HG02546,R,RA,RAH,RARH,ARHRA
HG02549,R,HA,RHH,RARH,HRHRA
HG02554,R,RR,RHR,RARA,RHHRH
HG02555,R,RH,RHR,RARH,RHRRA
HG02557,R,RR,RAR,RHHA,HRARA
HG02558,R,RA,RAR,RARH,RRHRA
HG02561,R,HR,RAR,RHRH,RHRRA
HG02562,R,RH,RAH,RARA,RHARA
HG02568,R,RR,RAR,RRRA,HRHRA
HG02570,R,RR,RAH,RARH,HAARA
HG02571,R,RA,RAR,RARH,RRHRH
HG02573,R,RR,RAH,RHRA,HHHRA
HG02574,R,RH,RHR,RRRH,RHHRH
HG02577,R,RR,RHH,RAHH,RRRRA
HG02580,R,RA,RAR,RRRH,RRRRA
HG02582,R,HR,RAR,RARA,RHRRA
HG02583,R,RR,RHH,RAHA,HRRRA
HG02585,R,RR,RHR,RHRH,RHHRA
HG02586,R,RR,RAR,RHRH,HRHRA
HG02588,R,RH,RAR,RHRA,RHHRR
HG02589,R,RH,RAR,RARH,RHRRA
HG02594,R,RH,RHR,RARH,RRHRA
HG02595,R,RR,RAR,RARR,RRRRA
HG02597,H,HH,RAR,RARH,RRRRA
HG02600,R,RR,HAR,RHRH,RHHRA
HG02601,R,RA,RAH,RARR,RHRRA
HG02603,R,RA,RAR,RARH,RRARH
HG02604,R,RA,RAR,HARH,RHRRA
HG02610,H,HH,RHR,RAHA,RRRRA
HG02611,R,RH,RAR,RARR,RRHRA
HG02613,R,RH,RAR,RAHH,RHRRA
HG02614,H,RH,HHR,RHRA,RHARA
HG02620,R,RA,RAR,RARH,RRRRA
HG02621,R,RR,RHR,RARA,RHHRH
HG02623,R,RR,RAR,RARA,HRRRA
HG02624,R,RH,RHR,RARA,RRHRA
HG02628,R,RH,RHR,RARH,HHRRA
HG02629,R,RH,HAR,RHRH,RHHRH
HG02634,H,RH,RRH,RHRA,RRRRA
HG02635,R,RH,RAR,RHRA,RRHRH
HG02642,R,RA,RAR,RHRA,RRHRA
HG02643,R,RH,RHH,RARH,RRAHA
HG02645,R,RA,RAH,RHRR,RHRRH
HG02646,R,HH,RAA,RARA,HHHRA
HG02648,R,RH,RHR,RARH,RRARA
HG02649,R,HR,RHR,RHRR,RRHRA
HG02651,R,RH,RAR,HARA,RRARH
HG02652,R,RR,HHR,RHRH,RRHRA
HG02654,R,HH,HRR,RARA,RRRRA
HG02655,R,RH,RHR,RARH,RRRRA
HG02657,R,RR,RHR,RARA,RAHRA
HG02658,R,RR,RHR,RARA,RHARA
HG02660,R,RA,RAR,RRRH,RRARH
HG02661,R,RH,RHR,HAHA,RRHRA
HG02666,R,RH,RAA,RARH,RHRRA
HG02667,R,RA,RAR,RARH,HRHRA
HG02675,R,RA,RRH,RARH,RRHRA
HG02676,R,RA,RAR,RAHA,RHHRA
HG02678,R,RR,RAA,RARA,RRRRA
HG02679,R,RR,RAH,RHRH,RHHRA
HG02681,R,RR,RAR,RHRR,RRRRA
HG02682,R,RH,RHR,HARH,RRHRA
HG02684,H,RH,RAR,RHRA,RRHRA
HG02685,R,HH,RAR,RHRR,RRRRA
HG02687,H,RH,RHR,RARR,RRHRH
HG02688,R,HA,RAR,RHRR,HRHRA
HG02690,R,RH,RHR,RARR,HRHRA
HG02691,R,RA,RHR,RHRR,HRRRA
HG02694,R,RH,RAR,RARR,RHHRH
HG02696,R,RR,RAR,RHRH,ARHRA
HG02697,R,HH,RAR,RAHA,RRARA
HG02699,R,RR,RAR,RARH,RHRRA
HG02700,R,RH,RAH,RARH,RHHRA
HG02702,R,RR,RAH,RHRH,HRRRA
HG02703,H,RH,RHR,RARA,RHRRA
HG02715,R,RH,RAR,RARH,RRRRH
HG02716,R,RH,RAR,RHRA,HRHRA
HG02721,R,RH,RHH,RHHH,RHHRA
HG02722,H,HA,RAR,RARA,HRHRA
HG02724,R,RH,RRR,RARH,RRHRA
HG02725,R,RH,RAR,RARR,RAHRA
HG02727,R,RR,RHR,RARH,RRHRA
HG02728,R,HH,RAR,RRRH,RRHRA
HG02731,R,RH,RAR,RRRA,RRRRA
HG02733,R,RR,RAR,RARH,RRHRA
HG02734,R,RA,RHR,RARH,RRHRA
HG02736,H,RR,RHR,RARA,RRRRA
HG02737,R,RH,RRR,RARH,RRRRH
HG02756,R,RH,RAH,RARA,RRHRA
HG02757,R,RA,RHR,RARA,RRRRA
HG02759,R,RH,RHR,RARH,HHRRA
HG02760,R,RR,RHR,RARA,RHRHA
HG02763,R,RR,HHA,RARR,RRARA
HG02768,H,RH,RAH,RHRA,HRHRA
HG02769,R,RR,RAH,RARH,RRRRA
HG02771,R,RR,RAR,RARH,HRRRA
HG02772,R,HA,RAR,RHRR,RRHRA
HG02774,R,HH,RAR,HARA,HRRRA
HG02775,R,RH,RAR,RARH,RRRHA
HG02778,R,RA,RAR,RARR,HRRRA
HG02780,R,RR,RAR,RHRH,RRHRH
HG02783,R,RA,RAR,RARH,HRRRH
HG02784,R,RA,RAH,HARA,HRRRA
HG02786,H,RA,HAR,RARH,HRHRA
HG02787,R,RH,RAR,HHRA,RRHRA
HG02789,R,RA,RHR,RHRR,RRHRA
HG02790,R,HR,RAR,HARR,RRHRA
HG02792,R,HH,RAR,RHRR,RRRRA
HG02793,R,RA,RAH,RARH,RRARA
HG02798,R,RR,RAH,RARA,RAHRA
HG02799,R,RH,RHR,RHHR,RHRRA
HG02804,R,RH,RAH,RARA,HHHRA
HG02805,R,RH,RAR,RARH,HRHRH
HG02807,R,RH,RRH,RARR,RHHRA
HG02808,H,RR,RHH,RARA,RRHRA
HG02810,H,RH,RHR,RARA,RRRAA
HG02811,R,RR,RRH,RARA,RHRRA
HG02813,R,RR,RHR,RARA,RHRHA
HG02814,R,RH,RAR,RARR,RRRRA
HG02816,R,RR,RAH,RARH,RRHRA
HG02817,R,RH,AHR,RARH,HHHRH
HG02819,H,RA,RHR,RARH,HRRRA
HG02820,R,RH,RHR,RARA,HRRRA
HG02836,R,HR,RAR,RARH,RRHRA
HG02837,R,RR,RHH,RARH,RRRRA
HG02839,R,RR,HAH,RARR,HHRRA
HG02840,R,RH,RHR,RARA,RHHRA
HG02851,R,RR,RHR,RARA,RHRRA
HG02852,R,RH,RAR,RARA,HRHRA
HG02854,H,RH,RAH,RARA,RRRRA
HG02855,H,RH,RAA,RARH,HRRRA
HG02860,R,RH,RHH,RHHA,RHHRA
HG02861,R,RR,RAH,RHRH,RHHRH
HG02870,R,RH,RAH,RARH,HHRRH
HG02878,R,RH,RHR,RARH,HHHRH
HG02879,R,RH,RHR,RARH,RHARA
HG02881,R,RR,RAR,RARA,ARRRA
HG02882,R,RA,RRR,RHRA,RRRRA
HG02884,R,RH,RAR,RHRH,RHRRH
HG02885,H,RH,RAR,RARR,HRHRA
HG02887,R,HR,RAR,RRHH,RRRRA
HG02888,R,RH,HAR,RARA,RRHRA
HG02890,R,RH,RAR,RARH,RRHRA
HG02891,R,RR,RAR,RARR,HRRRA
HG02895,H,RH,RHR,RARR,RRHHA
HG02896,R,RH,RAR,RAHH,RRRRA
HG02922,R,RA,HAH,RHRA,RHHRH
HG02923,R,RH,RHR,RHRA,RRRHA
HG02938,R,RR,RHR,RRRH,HRHRA
HG02941,R,RH,RAH,RHRA,HHARH
HG02943,R,RH,RRR,RHRA,RHRRA
HG02944,R,RH,RAH,RRRH,HRHRA
HG02946,R,RH,RAH,RARR,RRARH
HG02947,R,RH,RAR,RAHA,RHHRH
HG02952,R,RH,RHR,RHHA,HRRRA
HG02953,R,RA,RAR,RHHH,RRHRA
HG02968,R,HA,HAR,RAHA,RRARA
HG02970,R,RR,RAR,RHHA,RHHRH
HG02971,R,RR,RAR,RHRR,HRHRA
HG02973,R,RH,RRH,RARH,HRRRA
HG02974,R,HA,HHR,RHRA,RRRRA
HG02976,R,RA,RAR,RARH,HHRRA
HG02977,R,RA,RAR,RARA,HHRRH
HG02979,R,RH,RAR,RAHH,RHHRA
HG02981,R,RR,RAH,RARA,HHHRH
HG02982,R,RA,RHR,RHRA,RRHRA
HG02983,R,RH,RAA,RRHA,RRHRH
HG03006,R,RH,RAR,HHRH,RHHRH
HG03007,R,RA,RHR,RARA,RRARA
HG03009,R,RR,RAR,RRRR,RHRRA
HG03012,R,RH,RHR,RARH,HHHRA
HG03015,R,RR,RHR,RHRA,RRHRA
HG03016,R,RA,RAR,RARR,RRRRA
HG03018,H,RA,RAR,RARA,RRRRA
HG03019,R,RH,RAR,RARR,RRRRA
HG03021,R,RR,RAR,RHRA,RHHRA
HG03022,H,RA,RAH,RARA,RHRRA
HG03024,R,RA,RAR,RARH,RRRRA
HG03025,R,HA,RHR,RARA,HHRRA
HG03027,R,RA,RAR,RARA,HHHRH
HG03028,R,RR,RAR,RHRA,HHHHH
HG03039,R,RH,RHR,RARA,RHRRA
HG03040,R,RA,RAR,RHHH,HRRRA
HG03045,R,RH,RHH,RHRA,RARRA
HG03046,R,RH,RHR,RARA,RRHRA
HG03048,R,RH,RAR,RAHH,HHARH
HG03049,R,RR,RAH,RARA,RRRRA
HG03052,R,RH,RHR,RARA,RRHRA
HG03054,R,RR,RAR,RARH,RHRRA
HG03055,R,RA,RAR,RRRA,HRHRH
HG03057,R,HA,RHH,RHRA,RRHRH
HG03058,R,RR,RAR,RHRA,HRHRA
HG03060,R,RR,RHR,RAHH,RRRRA
HG03061,R,AH,RHH,RHRR,HRHRA
HG03063,R,RA,RHH,RHRA,HRRRH
HG03064,R,RH,RAR,RARH,HHHRA
HG03066,R,RR,RHH,RRRH,RRRRA
HG03069,R,RR,RAR,RHRH,RRRRA
HG03072,R,RH,RHR,RARH,RRRRH
HG03073,R,RH,RHR,RHRH,RRRRA
HG03074,R,RR,RAR,RHRH,RHRRA
HG03077,R,RR,RHR,RARR,RRARA
HG03078,R,RA,RHR,RARA,HRHHA
HG03079,R,RH,HHR,RHRA,RHHRA
HG03081,R,HR,RAH,RARA,RRHRA
HG03082,R,RH,RAR,RHRA,RHHRA
HG03084,R,RR,RHH,RARH,RAHRH
HG03085,R,RA,RHR,RARA,RHRRH
HG03086,R,HA,HAR,RHRH,HRHHA
HG03088,R,RH,HAR,RARA,RRRRA
HG03091,R,RR,RAR,RARH,HHHRA
HG03095,R,HH,RAR,RHRH,RRHRH
HG03096,R,RH,RHR,RHHR,RRHRA
HG03097,R,RR,RHH,RARA,RRRRH
HG03099,R,RA,RHA,RARA,HRHRA
HG03100,R,HH,RAR,RAHA,HHAHA
HG03103,R,RR,RHR,RARH,RHRRA
HG03105,R,RR,RAR,RARH,RRHRA
HG03108,R,RR,RAR,RHHA,RRHRA
HG03109,R,RH,RAR,RARH,RRHRA
HG03111,R,RH,RAR,RARH,RHRRA
HG03112,R,RH,RAR,RHRH,RRRRA
HG03114,R,RH,RRR,RARH,RRRRR
HG03115,R,HA,RHR,RARH,RRRRA
HG03117,R,HH,RAH,RHRA,RRHRA
HG03118,R,RH,HHR,RHRH,HRRHA
HG03120,R,RH,RAH,RHRA,ARHRA
HG03121,R,HH,RHR,RARA,HRHRA
HG03123,R,RH,RAR,RRRH,RRRRA
HG03124,R,RR,RAH,RHRH,HRARA
HG03126,R,RH,RHH,RRHH,RRARA
HG03127,R,RA,RAR,RARA,RRRRA
HG03129,R,RR,RAH,RHRA,RRRRH
HG03130,R,RA,RAH,RARH,RRRRH
HG03132,R,RA,RHH,RAHA,RRRRH
HG03133,R,HH,RAR,RHRA,HRRRA
HG03135,R,RH,RHR,RARH,RRHRA
HG03136,R,RR,RAH,RHRA,RRRRA
HG03139,R,RH,RAR,RARH,RHHRA
HG03157,R,RR,RAR,RARH,RHHRA
HG03159,R,RH,RAR,RHRH,HRRRA
HG03160,R,HH,RAH,RHRH,RHRHA
HG03162,R,RA,RAR,RHRR,RRRRA
HG03163,R,RH,RAR,RARA,AHARH
HG03166,R,RR,HAR,RARH,RRRRA
HG03168,R,RA,RAR,RHRA,RHHHA
HG03169,R,RA,RHR,RARA,RHHRA
HG03172,R,RH,HAR,RARH,HRHHA
HG03175,R,RA,RHR,RARH,HRRRA
HG03189,R,RA,RHR,RARH,HAARH
HG03190,R,RA,HAR,RARA,HRHRA
HG03193,R,RR,RAR,RHRA,HRRHA
HG03195,R,RH,RHR,RHRA,HHHRA
HG03196,H,RH,RAR,RHRA,RRRRA
HG03198,R,RH,RAR,RAHA,HHRRH
HG03199,R,RH,RHR,RARA,HRHRA
HG03202,R,RR,RHH,RHRH,RRHRA
HG03209,R,RA,RHR,RHRA,RRHRA
HG03212,R,RR,RAR,RARH,RRHRA
HG03224,R,RH,HAR,RHRR,HRHRA
HG03225,R,HA,RHH,RHRH,RRRRA
HG03228,R,RR,RRH,RARH,HRHRA
HG03229,R,RH,RHR,RARA,RHRHA
HG03234,R,RR,HHR,RARA,RARRA
HG03235,R,RA,RRR,RHRH,RHRRA
HG03237,R,RA,RAR,RARH,RRRRA
HG03238,R,RA,RAH,RARA,RHHRA
HG03240,R,RR,RHR,RHRH,RRRHA
HG03241,R,RR,RHH,RARA,RRRRH
HG03246,H,HA,HHR,RARH,RHRRA
HG03247,R,RH,RHR,RARH,RHRRA
HG03258,R,RH,RHH,RARA,RHRRH
HG03259,R,RH,RAH,RHRH,RHHRH
HG03265,R,RH,RAR,RARH,RRRHA
HG03267,R,RA,RAH,RHRH,RRHRH
HG03268,R,RH,RAR,RHRA,RRARA
HG03270,R,RH,RAR,RARA,ARRRH
HG03271,H,RR,RAR,RARR,RRRRA
HG03279,R,RR,RAR,RHRA,RRRRA
HG03280,R,HR,RAH,RARR,HRRRA
HG03291,H,RR,RHR,RRRA,RHRRA
HG03294,R,RR,RHH,RARA,RRRRA
HG03295,R,RH,RHH,RAHH,RRRRA
HG03297,R,RH,RAH,RHRH,RHHRA
HG03298,R,RR,RAR,RARH,RRRRH
HG03300,H,HR,RAR,RARH,HRRRA
HG03301,R,HH,RHR,RARH,RRHRA
HG03303,H,RR,RAR,RHRA,HRRHA
HG03304,R,RA,RAR,RAHH,RHHRA
HG03311,R,RH,RAR,RHRA,HRRRA
HG03313,R,RH,RAR,RRHH,RRHHH
HG03342,R,HR,RAR,RRRH,RRRRH
HG03343,R,RH,RAR,RARR,HRRRA
HG03351,R,RA,RHR,RARH,HRRRA
HG03352,R,RA,RAR,RHRA,ARRRA
HG03354,R,RH,RAH,RARH,RRRRA
HG03363,R,RH,RAR,RAHH,HHRRA
HG03366,R,HH,RAH,RHRH,RHHRA
HG03367,R,RR,RAR,RRRA,HRHRA
HG03369,R,RR,RAR,RAHA,RRHRA
HG03370,R,RA,RAR,RHRA,RRRRA
HG03372,R,RR,RHR,RARR,RRAHA
HG03376,R,RR,RAR,RARR,RRRRA
HG03378,R,RA,RAH,RRHR,HRRRA
HG03380,R,RH,RAR,RHHA,RHHHA
HG03382,R,RH,RHR,RARA,RRHHA
HG03385,R,RH,RAR,RRRA,RRHRA
HG03388,R,RR,RAH,RARH,RRHRH
HG03391,R,RR,RAR,RARA,HHRHA
HG03394,R,RA,HHH,RHRH,HRHRA
HG03397,R,RR,RHR,RHRH,RHHRA
HG03401,R,RR,RRR,RARR,HRARH
HG03410,R,RH,RAR,RHRH,RRRRA
HG03419,R,RR,RAR,RARH,RHHRH
HG03428,R,HH,RAR,RHHA,RRHRA
HG03432,R,RA,RAR,RARH,RHRRA
HG03433,R,RH,RHR,RARH,HRRRA
HG03436,R,HH,RAR,RARA,RHHRA
HG03437,R,HH,RHR,RARH,RHHRA
HG03439,R,RH,RAR,RARA,HHRRA
HG03442,R,HH,RHR,RARH,RRRRA
HG03445,R,HH,RHR,RHHH,HRRRA
HG03446,R,RH,RHR,RRRA,RRRRA
HG03449,R,HH,RAH,RHRR,RRHRA
HG03451,R,RA,RAH,RARA,RRRRH
HG03452,R,RR,RHR,RHRH,RRRRA
HG03455,R,HA,RAR,RHRR,RRRRH
HG03457,R,RH,RAR,RHRH,RRRRA
HG03458,R,RA,RHR,RARH,HRHRH
HG03460,R,RA,RAR,RHRA,RRRRH
HG03461,R,RH,RHR,RHRH,HRHRA
HG03464,R,RR,HAR,RHRA,HRRRA
HG03469,R,RR,RHR,RRRH,HRRRA
HG03470,R,RA,RRR,RARH,HRHRA
HG03472,R,RR,RAR,RARA,HHHRA
HG03473,R,RR,RAR,RARH,RARRA
HG03476,R,RA,RAR,RAHA,HRRRA
HG03478,H,HR,RAR,RHRR,ARRRA
HG03479,R,RA,RHH,RHRH,RHHRA
HG03484,R,RH,RAR,RHRH,RRRRA
HG03485,R,RH,RRR,RARA,RRHRA
HG03488,R,RH,RAR,RARR,RRHRA
HG03490,R,RH,RAR,RARA,HRRRH
HG03491,R,HA,RAR,RARH,RRHRA
HG03499,R,RH,RAR,RHRH,HRRRH
HG03511,R,RA,RAR,RHRA,HRARA
HG03514,R,RH,RAH,RRRA,HHHRA
HG03515,R,RH,RHR,RHRA,AHHRH
HG03517,R,RR,RAR,RARR,RRRRH
HG03518,R,HA,RRH,RHRH,RRHRA
HG03520,R,RR,RAR,RHRA,RRRRH
HG03521,R,RH,RRR,RHRH,HHHRA
HG03538,R,RH,RAR,RARH,RRHRH
HG03539,R,RA,RAH,RHRH,RRRRA
HG03547,R,RR,HHH,RARA,RRRRH
HG03548,R,HR,RHR,RAHH,RRRRA
HG03556,R,HR,RAR,RHRA,RRRRH
HG03557,R,RR,RHR,RHRH,RRRRH
HG03558,H,RH,RHH,RHHH,HHRRA
HG03559,R,RH,RRR,RHRH,HRRRA
HG03563,R,RH,HAH,RRRH,RRRRA
HG03565,R,RH,RHR,RHHA,RRRRA
HG03567,R,RH,RAR,RARA,HHHRA
HG03571,R,RA,RHR,RARA,RAHRA
HG03572,R,RH,RHH,RARH,RRHRA
HG03575,R,RA,RHR,RRRA,RRRRH
HG03577,H,HH,RRR,RARH,RRRRH
HG03578,H,RH,RAR,RARH,HHRRA
HG03583,R,RA,RAH,RARA,RRHRA
HG03585,R,RH,RAR,RRRH,HRRRA
HG03589,R,RR,RHR,RARH,RRRRA
HG03593,R,RH,RAR,RARR,RRRRA
HG03594,R,RH,RAH,RARA,HRRHA
HG03595,R,RH,RAH,RHRH,HARRA
HG03598,R,RA,RRR,HARR,RRHHA
HG03600,R,RA,RAR,RAHR,HHHHA
HG03603,R,RA,RHR,RARH,RRRRA
HG03604,R,RH,HHR,RRRA,RRRRA
HG03607,R,RA,RHR,RARH,RRHRA
HG03611,R,HR,RAR,HARH,RARRH
HG03615,R,RH,RHR,RARH,HRRRA
HG03616,R,HR,RAH,RARA,RRHRA
HG03619,R,RR,RAR,RHRA,ARHRH
HG03624,R,RH,RAR,RARH,RRHRA
HG03625,R,RA,AHR,RHRH,ARRRA
HG03629,R,RR,RHR,RARH,RHRRA
HG03631,H,RA,RAR,RARH,RRHRA
HG03634,R,RA,RHH,RAHH,RHHRA
HG03636,R,RH,RAR,RARA,RHRRH
HG03640,H,HA,RHR,RHRR,RHHRA
HG03642,R,RA,RAH,RHRH,HRHRA
HG03643,R,RH,RRR,RARA,RRRRA
HG03644,A,HH,RHR,RHRA,HRRRA
HG03645,R,RA,RHR,RARH,RRHRH
HG03646,R,HA,RAH,RHRA,RHRRA
HG03649,R,HA,RAR,RARR,HRHRA
HG03652,R,RR,RAR,RARH,HRRHA
HG03653,R,RR,RAR,RHRH,RRRRA
HG03660,R,HR,RAR,RHRH,RAHRA
HG03663,R,RA,RAR,RARA,HRHRA
HG03667,H,RH,RAR,RARR,RRHRA
HG03668,R,RR,RHH,RARR,HRHRA
HG03672,R,RH,HAH,HHRR,RRRRH
HG03673,R,RH,RAR,RHRH,HRHRH
HG03679,R,RA,RAR,RHRH,RRHRA
HG03680,R,RR,RAR,RHRH,HRARA
HG03681,R,RH,RAR,RARA,RRARA
HG03684,R,RA,RAR,RARA,RRHRA
HG03685,H,RH,RHR,RARA,RHHHA
HG03686,R,RA,RAR,RHRH,RRHRA
HG03687,R,RA,RHR,RARH,HRRRA
HG03689,R,HH,RHR,RHRA,HRARA
HG03690,R,RR,RAH,RHRH,RRRRA
HG03691,H,RA,RHR,RHRR,RRHRA
HG03692,H,RA,HHR,RHRA,RHRRA
HG03693,R,RH,RHR,RARA,RRHRA
HG03694,R,RA,RHR,RHRH,RRHRA
HG03695,R,RH,RAR,RARH,HHARA
HG03696,R,RA,RRR,RRRA,RRHRA
HG03697,R,HH,RAH,RHRA,RHHRA
HG03698,R,RR,RHR,RHRH,RHHHA
HG03702,R,HH,RHR,RHRH,HRHRA
HG03703,H,RH,RHR,RARR,HAHRA
HG03705,R,HH,RAR,RARH,HHRRA
HG03706,R,RR,RHR,RARH,RRRRA
HG03708,R,HH,RHH,HARR,RRARA
HG03709,R,RR,RHR,HARH,RRRRA
HG03711,A,RH,AHR,RARH,HRRRA
HG03713,R,HH,RAR,RARH,RRARA
HG03714,R,HH,RHR,RRRH,RRHRA
HG03716,H,RH,RHR,RHRA,RRRRH
HG03717,R,RH,RAR,RARH,RHHRA
HG03718,R,HA,RAR,HARH,RHHRA
HG03720,H,HR,RAR,RARH,RAARA
HG03722,R,HA,RAR,RHRH,HHHRA
HG03727,R,RR,RAR,RHHH,RRHRA
HG03729,H,RH,RAR,RARA,RRHRA
HG03730,R,RA,RAR,RARA,RRHRA
HG03731,R,RR,RAR,RHRH,RHHRA
HG03733,R,RH,RAR,RARH,HRRRA
HG03736,R,HR,RAR,RHRA,HRRRH
HG03738,R,RH,RAR,RHRH,HHARA
HG03740,R,RR,RAA,RARH,HHRRA
HG03741,R,RR,RAR,RRRH,RHHRH
HG03742,R,RA,RAR,RARH,RHRRA
HG03743,R,RH,HAH,RHRA,RRHRH
HG03744,H,RR,RAH,HHRA,RHRRA
HG03745,R,RR,RAR,RHRH,RRRRA
HG03746,R,RH,RHR,RARH,RHRHA
HG03750,H,HR,RHH,RARH,RRHRA
HG03752,H,RH,RRR,RARH,RRRRA
HG03753,H,RA,RAH,RARH,RRHRA
HG03754,H,HH,HHH,RARR,RRARA
HG03755,R,HH,RAR,RARA,RRHRA
HG03756,R,RH,RAH,RHRR,RRHRA
HG03757,R,RA,HHH,RHRA,RRARA
HG03760,R,RH,RHR,RARH,RRHRH
HG03762,R,RH,RAR,RARR,RHARA
HG03765,R,RH,RAH,HARH,RHRRA
HG03767,R,RH,HRR,RRRH,HRHRA
HG03770,H,RH,RAH,RHRH,RHHRH
HG03771,H,RR,RAR,RHRH,RRHRA
HG03772,R,RH,RRR,RARH,RRARA
HG03773,R,HH,RAH,RARA,RHHRA
HG03774,R,RH,RAR,RARH,HHAHA
HG03775,R,RH,HAR,RRRA,RRARH
HG03777,H,RH,RAR,RARH,RRHRA
HG03778,R,RH,RAR,RARH,ARHRA
HG03779,R,RA,RAH,RARH,RRHRA
HG03780,R,RH,RAR,HARA,HRRRA
HG03781,R,RA,RAR,RAHR,RRHRA
HG03782,R,RR,RAH,HARR,HRARH
HG03784,R,HR,RHR,RARA,HRRRA
HG03785,R,RH,RAR,RHRH,HHHRA
HG03786,R,RR,RAH,RHRH,RHARA
HG03787,R,RR,HAR,HHRH,HRHRA
HG03788,R,RH,RHR,RHRR,RRARA
HG03789,H,HH,RAR,RARR,RRHRA
HG03790,R,RH,RHR,RARH,RRRRA
HG03792,H,RR,RHR,RARA,RRARA
HG03793,R,RH,RHR,RARH,RRHRA
HG03796,R,HH,RAH,RHRR,RRRRA
HG03800,R,RA,RHH,RARA,HRHRA
HG03802,R,RH,RAR,RARH,HRHRA
HG03803,R,RR,RAR,RARH,HRHRA
HG03805,R,RR,RAR,RARH,RRARA
HG03808,R,HH,RAR,RARA,RHRRA
HG03809,R,RH,RAH,RHRH,RRHRA
HG03812,R,RR,RAR,RHRH,RRHRA
HG03814,H,RA,RAH,RHRR,RRRRA
HG03815,H,HR,RAR,RHRH,HRHRA
HG03817,R,RH,RAH,RHRH,HHRRA
HG03821,R,RA,RAR,HHRH,RHRRA
HG03823,H,RR,RHR,RARR,RRHRA
HG03824,R,RR,RAR,HHRA,RRRRA
HG03826,R,RA,RAH,RHRH,HRRRA
HG03829,R,RA,RAR,RHRA,RRHRA
HG03830,R,HH,RHR,RHRH,RHRRA
HG03832,R,HA,RAR,RARH,HRRRA
HG03833,R,HH,RHR,RARH,HRRRA
HG03836,R,RH,RAR,RARH,RRHHA
HG03837,H,RR,HAR,RARR,HHRRA
HG03838,R,RR,RHR,RARR,RRRRA
HG03844,R,RH,HAR,RHRR,RRHHA
HG03846,R,RA,RAR,RARH,RHHRA
HG03848,R,RA,RAR,RARR,HRHRA
HG03849,R,RH,RAR,RARA,HHRRA
HG03850,H,RH,HHR,RARH,RRRRA
HG03851,R,RH,RHR,RARH,RRRRA
HG03854,R,RH,RAR,RARH,RRHRA
HG03856,R,RR,RRR,RARA,RRHRH
HG03857,H,RH,RHR,RARR,RRHRA
HG03858,R,RA,RHH,RARA,RRHRA
HG03861,R,RH,RAR,RARA,RRHRA
HG03862,R,RA,HAR,RARH,RHARA
HG03863,R,RH,RAH,HHRH,RRRRH
HG03864,R,HA,HAR,RARH,HHHHA
HG03866,R,RH,HAH,RHRA,HRHRA
HG03867,R,RA,HRH,RARH,RRARA
HG03868,R,RR,RAR,RHRR,RRHRA
HG03869,R,HH,RHH,RARR,RRRRA
HG03870,R,RR,RAR,RARA,RRHHA
HG03871,R,RH,HAR,RARA,RHRRA
HG03872,R,RA,RAR,RARA,RRRRA
HG03873,H,HR,RAR,RARA,HHHRA
HG03874,R,RH,HHH,RHRH,RHRHA
HG03875,R,RH,RHR,RHRR,RRHRA
HG03882,R,HA,RAR,RARH,RRRRA
HG03884,A,RA,RRR,RARH,HAHRA
HG03885,R,RR,RHR,RARH,RHHRA
HG03886,R,RH,RAR,RARH,RRHRA
HG03887,R,RH,RAR,RHRH,HHHRH
HG03888,R,RH,RHR,RHRH,RHRRA
HG03890,R,RH,RAH,RARH,RRAHA
HG03894,H,RH,RAR,RARR,RRHRA
HG03895,R,RR,RAR,RARR,HRRRA
HG03896,R,RR,RAR,RARA,RAARA
HG03897,R,RR,RHR,HHRA,RRHRA
HG03898,R,HH,RAR,RARH,RHRRA
HG03899,R,RH,RAH,RARH,RRHRA
HG03900,R,RH,HAR,RHRA,RRRRA
HG03902,R,RA,HAR,RHRH,RHHRH
HG03905,R,RH,RHR,RARA,RHHRH
HG03907,H,RH,RHA,RARH,RRHHA
HG03908,R,RH,RHR,RARH,RHHRA
HG03910,R,RH,RHR,RARR,RRRRH
HG03911,R,RH,RHR,RHRA,RRARH
HG03913,H,RA,RAR,RARA,RRARA
HG03914,R,HH,RHR,RARA,HHHRA
HG03916,R,HR,RRR,RHRH,RARRA
HG03917,H,HA,RHH,RARA,RRRRA
HG03919,R,HH,RAR,HRRH,ARHRA
HG03920,R,RA,RHH,RHRA,RRHRA
HG03922,R,RR,RAR,HARR,HRARA
HG03925,R,RR,HAR,RHRH,HRHRA
HG03926,R,RH,RRR,RARH,RHRRA
HG03928,R,RR,RAR,RARR,RRRRA
HG03931,R,RH,RAH,RHRA,HRHRA
HG03934,R,RR,HAR,HARA,HRHRA
HG03937,R,HR,RHH,RARH,RRHRA
HG03940,R,RH,RHR,RARH,RRRRA
HG03941,H,HA,HAR,HRRH,RRHRA
HG03943,R,RH,RAR,RARH,RRRRH
HG03944,R,HH,RHR,RARA,RRRRH
HG03945,R,HA,RAR,RARH,RHRRA
HG03947,R,HR,RHR,RARH,AHRRA
HG03949,R,RH,RAR,RARR,RHHRH
HG03950,R,RH,RAH,RHRH,RRRRA
HG03951,R,RH,RAR,RHRR,RHRRA
HG03953,R,RA,RAR,RARA,RHARA
HG03955,R,HA,RAR,RRRR,RRHRH
HG03960,H,RR,RAR,RARA,RRRHA
HG03963,R,RR,RAH,RARA,RHHHA
HG03965,R,RA,RAR,RARH,RRRRA
HG03967,R,RR,RAR,RHRH,RRHRA
HG03968,R,RA,RHH,HARA,RHRRH
HG03969,H,RH,RAR,RHRH,HRRRA
HG03971,R,RH,RHR,RARA,RRRRA
HG03973,R,RH,HAR,RARR,HHHRA
HG03974,R,HA,RAR,RARR,RRHRA
HG03976,R,RR,RAR,RARH,RRHRH
HG03977,H,HH,RAR,RHRR,RRRRR
HG03978,R,RH,RHR,RARH,RHHRA
HG03985,R,HR,RAR,RARR,RRRRA
HG03986,R,RH,RAH,RHHA,RRRRA
HG03989,R,RH,RRR,RARR,RRRRA
HG03990,R,RR,RAR,RARH,HHHRA
HG03991,R,RH,RAH,RARA,RRHRA
HG03995,R,RR,RAR,HRHA,RRHRA
HG03998,H,RR,RAR,RARA,HAHRA
HG03999,R,HH,RHR,RARR,RRRRA
HG04001,R,RA,RHR,RAHA,HHHRA
HG04002,R,RR,RAR,RARR,RRRRA
HG04003,R,RH,RAR,RARA,RRAHH
HG04006,R,HH,RAR,RARA,RRHRA
HG04014,R,RH,RAR,RARR,RHRRH
HG04015,R,RH,RAR,RARH,HHRRA
HG04017,R,RH,HHR,RHRR,RRHRA
HG04018,R,RH,RHH,RARR,RRARA
HG04019,R,RH,RAR,RARR,HHRRA
HG04020,R,HH,RAH,RHRA,RRRRA
HG04022,R,RR,RAR,RARH,RRHRA
HG04023,R,HR,RAR,RHRA,RARRA
HG04025,R,RR,RAR,RHRH,HRHRH
HG04026,R,HH,HAR,AHRR,RRARA
HG04029,R,RR,HRR,RHRA,RRHRA
HG04033,R,RA,RHR,RARH,HRHRH
HG04035,R,HR,RHR,RHRH,HHARA
HG04038,R,HH,HHR,RHRH,HHRRA
HG04039,H,RH,RAR,RHRR,RRRRA
HG04042,R,RA,RAR,RARR,RRRRA
HG04047,R,RH,RAR,RHRA,RRHRA
HG04054,R,HH,HHH,HARA,RRRRA
HG04056,R,RH,RHR,RHRR,RARRA
HG04059,H,RA,RAH,RAHA,RHRRH
HG04060,R,RH,RAR,RHRH,HRHRA
HG04061,R,RR,RAR,RHRH,HRRRA
HG04062,R,RA,RHR,RARR,HRHRA
HG04063,R,RH,RAR,RARA,RRHRA
HG04070,R,HA,RHR,RARA,RRRRA
HG04075,R,RA,RAR,HHRA,HRRHA
HG04076,R,RR,RAR,RARH,RRRRA
HG04080,R,RA,RHH,RARH,HRARA
HG04090,H,HR,RAR,RHRH,RRHRA
HG04093,R,RH,RAR,RARH,HRHRA
HG04094,R,RR,RAR,RARA,RRRRA
HG04096,R,HH,HHR,HARA,RRHRA
HG04098,R,RR,RRR,RARA,RRRRA
HG04099,R,RH,RAR,RRRA,RRARA
HG04100,R,RR,RAR,RHRH,RHRRA
HG04106,R,RH,RHR,RARH,RRARA
HG04107,R,RA,RAR,RARA,RRHRA
HG04118,R,HR,RAR,RRRH,RHHRA
HG04131,R,RA,RAR,RHRH,RHHRH
HG04134,R,RR,RHR,RHRH,HHHRH
HG04140,R,RR,RHR,RARA,RRARA
HG04141,R,RA,RRR,HHRH,HRRRA
HG04144,R,RH,RAR,RARH,RHRRA
HG04146,R,HH,RAR,RARH,RRHRA
HG04152,R,RH,RAR,RARA,RRRRA
HG04153,H,HH,RHH,RARR,RRRRA
HG04155,H,RH,RAH,RHHH,RRRHA
HG04156,R,RH,RAR,HARH,RRHHA
HG04158,R,RH,RHH,RARA,RHHRA
HG04159,R,RH,HRR,RHRH,RHRRA
HG04161,H,RH,RAR,RARA,RHARA
HG04162,R,RR,RAH,RARA,HHHRA
HG04164,R,RH,RAR,RARA,HRRRA
HG04171,R,RH,HAR,RARA,HHRRH
HG04173,R,RR,RHR,RARH,HRHRH
HG04176,H,RH,RHR,RARA,RRRRA
HG04177,R,RH,RAR,RHRH,RHHRA
HG04180,R,HH,RAH,RARR,HHRRA
HG04182,R,RH,RAR,RHRH,RRHHA
HG04183,R,RH,RRR,RHRH,HRRHA
HG04185,R,RR,RAR,RHRH,RRHRR
HG04186,R,RA,RHR,RARH,RHHRA
HG04188,R,RR,RAR,RARH,RHRRR
HG04189,R,RH,RAR,RHRH,RHRRA
HG04194,R,RR,RHR,HARH,RRHRA
HG04195,R,RH,RAR,RARA,RRRRA
HG04198,R,RH,RAR,RARH,RRHRA
HG04200,R,RR,RAR,RARA,RRRRA
HG04202,R,HH,RAR,RARA,HHARA
HG04206,R,RH,RAR,RARR,RRRRH
HG04209,R,RR,RAR,RARH,HRHHH
HG04210,R,RA,RAR,HHRA,RRARA
HG04211,R,HA,RAR,RARH,RARRA
HG04212,H,RA,RAR,RHRR,RRRRA
HG04214,R,HA,RAR,RARH,RRRRA
HG04216,R,RA,RAH,RHRA,RRHRA
HG04219,R,RH,HAR,HARA,HHARH
HG04222,R,HR,RAR,RARR,RRHRA
HG04225,R,RH,HAR,RARR,RHRRA
HG04227,R,RH,RHR,RARA,RRRRA
HG04229,R,HA,RHR,RARA,RRHHH
HG04235,R,RR,RRH,RARA,HRHRA
HG04238,H,RR,RAR,RARR,RRRRA
HG04239,R,RR,HAR,RARA,RRHRH
NA06984,R,RA,RHR,HHRR,HRHRH
NA06985,R,RH,RAR,RHRA,RRARA
NA06986,R,RR,HRR,HARA,HRRRA
NA06989,R,RH,RAR,AARA,RRHRA
NA06994,R,RA,RHR,HARA,HHHRA
NA07000,R,RH,RRR,RRRA,RRRRH
NA07037,H,RH,RRR,RRRA,HRHRA
NA07048,R,RA,HRR,RARA,RRRRA
NA07051,R,RH,RRR,HARR,HRHRA
NA07056,R,RH,HAR,RHRA,RRARA
NA07347,H,RA,RHR,RRRA,RHHRH
NA07357,R,RR,HHR,RARH,HRAHA
NA10847,R,HA,RRR,RHRA,RRHRA
NA10851,R,RH,RAR,RARH,RRARH
NA11829,R,HR,RAR,RARR,RRRHA
NA11830,R,RH,RHR,RARH,HRHRA
NA11831,R,HH,RRR,RHRA,RRRRA
NA11832,R,RH,RHR,RARH,RRHHA
NA11840,R,RR,RAR,HARR,RRHRA
NA11843,R,RR,HAH,HARA,RRHRA
NA11881,R,RR,RAR,RHRH,HRRRA
NA11892,H,RA,RHR,RHRA,RRARA
NA11893,R,RH,RHR,HARA,RRHRA
NA11894,R,RH,RAR,HARA,RRHRA
NA11918,R,RH,RAR,RARA,RRRRA
NA11919,R,AH,RAR,RHRA,HRHRA
NA11920,R,RA,RHR,RARA,HRRRA
NA11930,R,RA,RRR,RHRA,HHRRA
NA11931,R,RH,HHR,RARH,RRHRA
NA11932,R,RR,RAR,HARH,HHHRA
NA11933,R,HH,RRR,RARH,RRHRA
NA11992,R,HA,RAR,RARH,RRARA
NA11994,R,HR,RAR,RARH,RRHRA
NA11995,R,RA,HRR,HARA,RRHRA
NA12003,R,RA,RAR,HHRH,HRRRA
NA12004,R,RH,RHR,HHRA,HRRRA
NA12005,R,RA,RAR,HARH,HRHRA
NA12006,R,RA,HHR,HHRA,HHHHA
NA12043,R,RA,RAR,RHRA,RARRA
NA12044,R,RA,RAR,RHRR,HRHRA
NA12045,R,RR,RAR,RARA,HAARA
NA12046,R,RH,RHR,RHRR,RRHRA
NA12058,R,RA,RHR,RARH,RRHRA
NA12144,R,RH,RAR,RARH,RRHRH
NA12154,R,RA,RRR,RARA,RRRRA
NA12155,R,RH,RAR,AARH,HHARA
NA12156,R,RH,RHR,HARH,RRRRA
NA12234,R,HH,HAR,HARR,HRHHA
NA12249,R,RH,RHR,HRRH,HRRRA
NA12272,R,RA,HHR,HHRH,RRRAA
NA12273,H,RH,RAR,HHRH,HRHRA
NA12275,R,RH,RHR,RARH,ARRRA
NA12282,H,RA,RAR,RARR,RHHRA
NA12283,H,RH,RHR,AARA,RHHHA
NA12286,R,RR,RHR,HARA,RRHHA
NA12287,R,RA,RAR,RARH,RHRRA
NA12340,R,RR,RHR,HARH,RRRRA
NA12341,R,HH,RHR,HARR,RRRHH
NA12342,R,HH,RHR,RHRA,HRHRA
NA12347,R,RH,RAR,RARH,HRHRA
NA12348,R,RA,RAR,RARH,RHRRA
NA12383,R,RH,HHR,HHRH,RRHRA
NA12399,R,RA,HAR,HHRA,HHRHA
NA12400,R,RH,RAR,RARA,HRRRA
NA12413,R,RH,RHR,RARA,RARRH
NA12414,R,RH,RAR,RARH,RRARA
NA12489,R,RR,RHR,RHRA,HARRR
NA12546,R,RH,RAR,RARH,RRHRA
NA12716,R,RA,RAR,HARA,RRHRA
NA12717,R,RH,RHR,RARH,RHHRA
NA12718,R,RA,RRR,HHRR,RRHRA
NA12748,R,RA,RAR,HARR,RRHHA
NA12749,R,HA,RHR,HHRA,RRARA
NA12750,R,RA,RRR,HHRH,RRRRH
NA12751,R,RH,HHR,RARA,HHRRA
NA12760,R,RA,HHR,RARH,RRHRA
NA12761,R,RH,RAR,RARH,RHHRA
NA12762,R,RR,RAR,RARH,RRHRA
NA12763,R,RH,RAR,RARH,RRRRA
NA12775,H,RA,RHR,RARA,RRRRA
NA12776,R,RA,RAR,RHRH,HRHRH
NA12777,R,RR,RHR,RARA,HRHRA
NA12778,R,RH,RHR,HHRA,HRRHA
NA12812,R,RH,RHR,HHRH,RRHRA
NA12813,R,RA,RAR,HARH,RRRRA
NA12814,R,RH,RHR,RHRA,ARHRA
NA12815,R,RA,RAR,AARA,HHRHA
NA12827,R,RH,HHR,RARH,HRHRA
NA12828,R,HH,RAR,RHRA,RRHRA
NA12829,R,RA,RAR,HHRA,RRHRH
NA12830,R,RR,RAR,HHRH,RRRHA
NA12842,R,AA,RAR,RARA,RRRRA
NA12843,R,HA,RHR,HHRH,RRARA
NA12872,R,RH,RAR,RARA,RRRRA
NA12873,R,HH,RHR,RHRH,RRRRH
NA12874,R,RH,RHR,RHRH,RHRRH
NA12878,R,RH,RHR,RRRA,HRHRA
NA12889,R,RH,RAR,AARH,RRHRA
NA12890,R,RH,RRR,RARA,HRHRA
NA18486,R,RR,RRR,RHRH,RHHRA
NA18488,R,RR,RHH,RARH,RRARA
NA18489,R,RA,RHR,RARH,RHRHH
NA18498,R,AR,RAR,RHRH,HRARA
NA18499,R,RH,RAR,RHRH,RRRRH
NA18501,R,RH,RHR,RRRH,RHRHA
NA18502,R,RA,RAR,RARA,HRRRA
NA18504,R,RR,RAA,RAHH,HRRRA
NA18505,R,RA,RAR,RAHA,RRHRH
NA18507,R,HR,HHR,RARH,RRRRA
NA18508,R,RH,RAH,RARH,HRHRH
NA18510,R,RA,RAR,RAHR,RRRRA
NA18511,R,RA,RAR,RARA,RRRRA
NA18516,R,RR,RAH,RARR,HARRA
NA18517,R,RA,RHH,RARH,HRRRA
NA18519,R,RH,RAA,RARH,RRHRA
NA18520,R,RR,RAR,RHHH,RRRRA
NA18522,R,RH,RAR,RARR,HHHRA
NA18523,R,RH,RAH,RARA,RRHRA
NA18525,R,RH,RHR,RHRA,HHHRA
NA18526,R,RR,RHR,RARA,HARRH
NA18528,R,HR,RAR,RAHA,HRHRA
NA18530,R,RR,RAR,RHHH,RRRRA
NA18531,R,RH,RHR,RAHA,ARRRA
NA18532,H,RH,RAH,RAAA,RRRRA
NA18533,R,RH,RAH,RAHA,RHHRH
NA18534,R,RH,RAR,RARH,HRHRH
NA18535,R,RH,RHH,RHRH,HRRRA
NA18536,R,RR,RRR,RHRA,HRRRA
NA18537,R,RR,RHH,RHRA,RRRRH
NA18538,R,HR,HAR,RAHA,RRARH
NA18539,R,RH,RAR,RAHA,RHRRA
NA18541,R,RH,RHR,RHHH,HRHRA
NA18542,R,RH,RAR,RARA,RRRHA
NA18543,R,RR,RRH,RHRA,RRRHH
NA18544,R,RH,RAH,RHRA,RRHHA
NA18545,R,RR,RRH,RHRH,ARHRH
NA18546,R,RA,HAA,RARA,HRRRA
NA18547,R,RR,RAR,RARH,RRAHA
NA18548,R,RR,RAR,RARA,HRRRA
NA18549,R,RH,RAH,RARA,ARRHH
NA18550,R,RA,RRR,RHRR,RRRRA
NA18552,R,RH,RAH,RHRA,RRRRA
NA18553,R,RH,RHR,RARA,HRHRA
NA18555,R,RH,RHR,RHRA,RRHRH
NA18557,R,RH,RAR,RHRH,RRRRA
NA18558,R,RR,RAR,RHRA,HRHRH
NA18559,R,RH,RRR,RHHH,RHRHA
NA18560,R,RH,RAR,RARR,RRHRA
NA18561,R,RH,RAR,RAHA,HRRRA
NA18562,R,RR,RAR,RAHH,ARRRA
NA18563,R,RH,RAR,RHHA,ARRRH
NA18564,R,RH,RAR,RHHA,RRAHA
NA18565,R,RR,RHH,RHHA,HRRRA
NA18566,R,RA,RHH,RAHA,RRRRA
NA18567,R,RH,RHR,RARH,ARRRA
NA18570,R,RH,RAR,RHRA,HRRRA
NA18571,H,RH,HHH,RHHH,HRRRH
NA18572,R,RH,RAR,RHRA,ARRRA
NA18573,R,RH,RAR,RHRH,HHHRH
NA18574,R,RR,RHH,RHHA,RRHRA
NA18577,R,RH,RAR,RARA,HHRRA
NA18579,R,RH,HAR,RAHA,RRRRR
NA18582,R,RH,RAR,RHHA,HRHRA
NA18591,R,RH,RHR,RRHA,HRRRA
NA18592,R,RA,RHR,RAHA,HRRRH
NA18593,R,RA,RHR,RARH,RRHHA
NA18595,R,RR,RHH,RAHH,RRRHA
NA18596,R,RH,RAH,RAHA,RHRRA
NA18597,R,RA,RAR,RAHH,RRHRA
NA18599,R,RH,RRH,RAHA,RHRRH
NA18602,H,RH,RAH,RAHA,RRHRA
NA18603,R,RH,RAA,RHHH,RRRRA
NA18605,R,RH,RAR,RHRA,HRRRA
NA18606,R,RH,RHR,RARH,RRRRH
NA18608,R,RH,RAH,RHHH,RRHHA
NA18609,R,RA,RAR,RARH,HRHRA
NA18610,R,RH,RAR,RAHA,HRHRA
NA18611,R,RH,RAR,RARA,HRHRH
NA18612,R,RR,RAR,RARH,RHRRA
NA18613,R,RH,RAH,RAHA,RRRRA
NA18614,R,RR,RAR,RHRA,HRHRA
NA18615,R,RA,RHR,RARH,RRHRH
NA18616,R,RH,RAR,RAHA,HRHRH
NA18617,H,RR,RHR,RARH,HRRHA
NA18618,R,RH,RAR,RARH,HRRRH
NA18619,R,RH,RHR,RARH,HRHRH
NA18620,R,RH,RHH,RARA,RHRRA
NA18621,H,RH,RHR,RHHH,RRRHA
NA18622,R,RR,RHH,RARH,RRRRH
NA18623,R,RH,RAH,RARA,HRRRA
NA18624,R,RR,RHH,RARH,RRRHA
NA18625,R,RH,RAH,RARH,HRHRH
NA18626,R,RH,RRR,RAHR,RRHRA
NA18627,H,RA,RAR,RAHA,RRARA
NA18628,H,RH,RHR,RRHA,HRHRA
NA18629,R,RH,RAR,RARA,HRRRA
NA18630,R,RH,RAR,RARA,RRRHH
NA18631,R,RR,RAR,RHHA,RRRRA
NA18632,R,RH,RAR,RARA,HRHRH
NA18633,R,RH,RAH,RAHA,HRHRH
NA18634,R,RA,RHR,RRRA,HRRRA
NA18635,R,RH,RHR,RARA,RRHRA
NA18636,R,RR,RAR,RARA,RRRRH
NA18637,R,HH,RHH,RARA,RRHRA
NA18638,R,RH,RAR,RAHA,HRHRH
NA18639,R,RA,RAH,RHRA,RRRRH
NA18640,R,RH,RAR,RAHH,HRRRA
NA18641,H,RH,RAR,RAHA,HRRRH
NA18642,R,RR,RHR,RAHA,RRHRA
NA18643,R,RH,RAR,RAHA,ARHRA
NA18644,R,RH,RHR,RHRA,HRHHA
NA18645,R,RH,RHR,RHRA,ARHRA
NA18646,H,RR,RRR,RAHA,RRHRH
NA18647,R,RA,RAR,RARA,RRHRH
NA18648,R,RH,RHR,RHRA,RRHRH
NA18740,R,RR,RAH,RARA,HRHRA
NA18745,R,RH,RHH,RHRH,RRHHA
NA18747,R,RR,RAR,RHRA,RHRRA
NA18748,R,RR,HRR,RRHA,RRRRA
NA18749,R,RR,RHH,RHRA,RHRRA
NA18757,R,RH,RAR,RHRH,RRRRH
NA18853,R,HH,RHH,RHRH,RHRRA
NA18856,R,HH,RAR,RARA,RHARA
NA18858,R,RR,RAH,RHRH,RRRRH
NA18861,R,HH,RAR,RARH,RRRRA
NA18864,R,RR,RAR,RARA,HRRRA
NA18865,R,RH,RAH,RARA,RRHRA
NA18867,R,RH,RAR,RHHH,RRRRA
NA18868,R,RH,RAR,RARA,HRHRA
NA18870,R,RH,RAR,RHRR,RHHRA
NA18871,R,RH,RAR,RHRA,RRARH
NA18873,R,RA,RAR,RARH,RRRRH
NA18874,R,HH,RAH,RARH,RRHRA
NA18876,R,RH,RAR,RARA,RHRRH
NA18877,R,RR,HHR,RAHH,RRRRA
NA18878,R,RA,HAR,RHRA,RRRRH
NA18879,R,RR,RAH,RARA,HRRRA
NA18881,R,HR,RAR,RARH,RRRRA
NA18907,R,RR,RHR,RRRA,RRAHH
NA18908,R,RH,RAA,RARH,RHHRA
NA18909,R,RR,RAR,RHRA,RRRHA
NA18910,R,HH,RAH,RARH,RRRRA
NA18912,R,RH,RAR,RHRA,RRRRA
NA18915,R,RH,RAR,RARH,RHAHA
NA18916,R,RR,RAH,RARH,RHARH
NA18917,R,RH,RHR,RHRH,RRHHA
NA18923,R,HH,RAR,RAHH,RHRRA
NA18924,R,RH,RAR,RRRA,RHRRA
NA18933,R,HA,RAR,RHRH,RHHRH
NA18934,R,RA,RAR,RAHH,HRRRA
NA18939,R,RH,HAR,RAHA,AHRRH
NA18940,R,RH,RAR,RARH,HRRRA
NA18941,R,RR,RAR,RARA,HRHRA
NA18942,R,RA,RAR,RHRA,RRARA
NA18943,R,RH,RHR,RARH,ARHRA
NA18944,R,RR,RAR,RHRH,RRHRA
NA18945,R,RA,RHR,RARA,RRHRA
NA18946,R,RR,RAR,RARH,HHRRH
NA18947,R,RH,RAR,RHHH,AHHHA
NA18948,R,RH,HAH,RAHA,HHHRA
NA18949,R,RH,RAR,RHRH,RRRRA
NA18950,R,RA,RHR,RARA,HRHRA
NA18951,R,RH,RAR,RAHH,RRRRH
NA18952,H,RH,RAH,RARA,RRHRA
NA18953,R,RA,RAH,RHHH,RRRRA
NA18954,H,RH,RAH,RAHA,HRRRH
NA18956,R,RH,HAR,RRRA,HHRRH
NA18957,R,RA,RAH,RAHA,HRHRH
NA18959,R,RH,RHR,RAAA,HHRRA
NA18960,R,RR,RHR,RHHH,RHHHH
NA18961,R,RH,RAR,RHRA,HRARH
NA18962,R,RH,HAR,RARH,RRRRA
NA18963,R,RH,RRR,RARA,ARHRA
NA18964,R,RH,RAR,RARH,AHRRA
NA18965,R,RH,RHH,RARA,ARHRA
NA18966,R,RA,RAR,RHRA,HRHRA
NA18967,R,RH,RAR,RARA,RHRRA
NA18968,R,RH,RAR,RARH,HRARH
NA18969,R,RH,RAR,RAHA,RHRRH
NA18970,R,RH,RAA,RARH,RAHRA
NA18971,H,RR,HAH,RHRA,RRRRA
NA18972,R,RR,RAR,RARA,RRRRH
NA18973,R,RH,RHR,RARA,RRHRA
NA18974,H,RH,HHR,RAHA,RHRRH
NA18975,R,RH,HAR,RARH,RRHRA
NA18976,R,RH,RHR,RHRA,RHRRA
NA18977,R,RR,RAR,RAHA,RRRRH
NA18978,R,RH,RAR,RHRA,RHRHA
NA18979,R,RA,RAH,RARH,HRARH
NA18980,R,RR,RAH,RARA,RRHRA
NA18981,R,RH,HAR,RAHH,RHRRA
NA18982,R,RH,RAR,RAHA,RHRRA
NA18983,R,RH,RAR,RHHA,HRRRA
NA18984,R,RH,RHR,RARA,HHRRH
NA18985,R,RH,HAR,RHHA,HRHRA
NA18986,H,RH,RAR,RHHA,HHRRA
NA18987,R,RH,RAH,RHRH,HRRRA
NA18988,R,RH,RHR,RARA,HRHRA
NA18989,R,RH,HAR,RARA,HRARA
NA18990,R,RH,RHR,RARA,RHHRA
NA18991,H,RA,RAR,RARH,RHRRA
NA18992,A,RR,HRR,RHAA,HRHRH
NA18993,H,RA,RHH,RARA,RHHRA
NA18994,H,RH,RHR,RHRA,HARRA
NA18995,R,RA,RAR,RHRA,RHHRA
NA18997,R,RH,HAH,RHHA,HRHRA
NA18998,R,RR,RAR,RHRA,HRHRA
NA18999,H,RA,RAR,RAHA,ARHRA
NA19000,R,RA,RAR,RHRA,HHHRA
NA19001,R,RR,RAH,RAHA,HRHRA
NA19002,R,RH,RAR,RAHA,HRHRA
NA19003,R,RH,RAR,RARA,RRRRA
NA19004,R,RR,RAR,RAHA,RHRRA
NA19005,R,RH,RHH,RARA,RRHRA
NA19006,R,RH,RAR,RHRH,RRARH
NA19007,H,RR,RAH,RHHH,RRRRA
NA19009,R,RR,RAR,RHRA,HRARA
NA19010,R,RH,RAR,RAHH,RRRHA
NA19011,R,RH,HHR,RHRA,ARRRA
NA19012,R,RA,RAR,RARH,HRRRA
NA19017,R,RH,RAR,RHHR,RRRRA
NA19019,R,RR,RAH,RARA,RRRRA
NA19020,R,HH,RAA,RARA,RRHRH
NA19023,R,RA,RRH,RARA,HHRRA
NA19024,R,RH,RAR,RARA,HRHRH
NA19025,R,RR,RHR,RARA,RRRRA
NA19026,R,RA,RAR,RRRH,RRHRA
NA19027,R,HA,RHR,RAHH,RHRRA
NA19028,H,RA,RAR,RHRA,HHHRA
NA19030,R,RH,RAR,RHRH,RRRRA
NA19031,R,RH,RAR,RHRA,HHRRH
NA19035,R,RH,RHH,RRRH,RRRRA
NA19036,R,RH,RAH,RARA,HRRRA
NA19037,R,RH,RAR,RARR,RRRRA
NA19038,R,RH,RHH,RHRH,HHARA
NA19041,R,RH,RHR,RARH,HRARA
NA19042,R,AA,RHH,RHRH,RRHRH
NA19043,R,RA,RAR,RHRR,HRRRR
NA19054,R,RR,RRR,RHRA,ARRRA
NA19055,R,RH,RHR,RARA,HRHRA
NA19056,R,RA,RRR,RARA,HRRRA
NA19057,R,RH,AAR,RHHR,HAHRA
NA19058,R,RA,RHH,RARA,RHRHA
NA19059,H,RH,RAR,RARA,RHHRA
NA19060,R,RA,RHR,RAHA,HRHRA
NA19062,R,RR,RAH,RARA,HRHRA
NA19063,R,RA,RHH,RARA,HRRRH
NA19064,H,RH,HAH,RARA,RRHRH
NA19065,R,RH,HAA,RHHA,RRHRH
NA19066,R,RR,HAR,RARA,RRHRH
NA19067,R,RH,RHH,RARA,RHRRR
NA19068,H,RH,RHH,RARA,HRHRA
NA19070,R,RR,RAR,RARH,HRARH
NA19072,R,RA,HAR,RAHH,HRHRH
NA19074,R,RH,RAR,RHRA,RRHRH
NA19075,R,RA,RAR,RARH,RRHHH
NA19076,R,RA,RAH,RHRA,HRHRH
NA19077,R,RH,RHR,RAHH,RRRRA
NA19078,R,RH,RAR,RHRA,AHRRA
NA19079,R,RA,RHH,RARH,HHHRA
NA19080,H,RA,RHH,RAHA,RRHRA
NA19081,R,RH,RAR,RHHA,RRRRA
NA19082,R,RA,RRR,RARA,RRRRA
NA19083,R,RH,RHR,RHRA,RRRRH
NA19084,H,RH,RAH,RARA,HAHRA
NA19085,H,RH,RAH,RARA,ARARH
NA19086,R,RH,RAR,RHRA,RRHRA
NA19087,R,RH,HAR,RARA,HHRRA
NA19088,R,RR,RHH,RARA,ARRRA
NA19089,R,RA,HAR,RHRA,HRRRH
NA19090,H,RA,RAR,RAHA,RRRRA
NA19091,R,RR,RHR,RHHA,RRRRA
NA19092,R,RA,RAR,RARA,RRHRH
NA19093,R,HH,RAR,RARH,RRHRA
NA19095,R,RR,RHR,RHRH,HRHRA
NA19096,R,HH,RAR,RHRH,RRHRA
NA19098,R,RR,RRR,RARR,RRRRA
NA19099,R,RA,RAR,RARA,RAARA
NA19102,R,RH,RAR,RAHH,RHHRA
NA19107,R,RR,HHH,RHRA,HRHHA
NA19108,R,RR,RAH,RRRH,RRARH
NA19113,R,RH,RHR,RARH,RRHRA
NA19114,R,RH,RHR,RARH,RRARA
NA19116,R,RH,RHH,RHHA,RRRRA
NA19117,R,RH,RHR,RARA,HRARA
NA19118,R,RA,RHR,RHRR,HRHRA
NA19119,R,RR,RAR,RHRA,RRHRA
NA19121,R,RH,RAH,RARH,RRRRA
NA19129,H,RR,RAA,RARH,RRRRA
NA19130,R,RH,RAH,RARA,HRRRA
NA19131,R,RH,RHH,RHRH,RHRRA
NA19137,R,RH,RHR,RARR,RHRRA
NA19138,R,RH,RAH,RHRA,RRHRA
NA19141,R,RH,RRR,RHHA,RRARA
NA19143,R,RH,RAH,RARH,RRRRA
NA19144,R,RR,RAR,RRHH,RHHRA
NA19146,R,RR,RHR,RARR,HRHRA
NA19147,R,RR,RAR,RARH,HRHRA
NA19149,R,RH,RAR,RRRH,HRHRH
NA19152,R,RA,RAR,RARH,AHHRA
NA19153,R,RR,RAH,RHHH,RRRRA
NA19159,R,RH,RHR,RARR,RRARH
NA19160,R,RR,RAH,RRRH,HRRRA
NA19171,H,HH,RAR,RARA,AHRRA
NA19172,R,RR,RHR,RRRA,RRRRA
NA19175,R,RR,RHR,RHHA,RARRA
NA19184,R,RH,RAR,RARH,RRRRA
NA19185,R,RH,RAR,RHRH,RRAHA
NA19189,R,RH,RAR,RARH,RRHRA
NA19190,R,RH,RAR,RARH,HRHRA
NA19197,R,RR,RAH,RARA,RRARA
NA19198,R,HH,RAR,RARA,RRHRA
NA19200,R,RR,RAR,RHRA,HHHRH
NA19201,R,HH,RAR,RARH,HRRRH
NA19204,R,RH,RAR,RARR,RHRRA
NA19206,R,RH,HAH,RHRH,RHRRH
NA19207,R,RA,RAH,RARA,HHARA
NA19209,R,RR,RAR,RARR,RRRRA
NA19210,R,RH,RAA,RHRR,ARHHH
NA19213,R,RH,RHH,RARA,HRHRH
NA19214,R,HR,RAH,RARH,RRHRA
NA19222,R,RA,RAR,RARH,RRHRA
NA19223,R,AR,RAR,RHRR,HHRHA
NA19225,R,RR,RRR,RARR,RRHHA
NA19235,R,RR,RHH,RARH,AHHRA
NA19236,R,RR,RAR,RARH,HAHRH
NA19238,R,RR,RAR,RHRH,HRRRA
NA19239,R,RH,HAH,RAHH,RRARH
NA19247,R,RR,RAR,RHRA,RRRRA
NA19248,R,HR,RAH,RARH,RHHRA
NA19256,R,RA,RAR,RARH,RHRRA
NA19257,R,RH,RAR,RARH,ARHRA
NA19307,R,RH,RHR,RARR,AHARH
NA19308,R,RH,RAR,RARA,HRRRA
NA19309,R,RH,RHH,RARA,HHHRH
NA19310,R,HH,RAR,RRRR,RRHRA
NA19312,R,RA,RAR,RARH,ARHRA
NA19314,R,RH,RAR,RARH,HRRRA
NA19315,R,RH,RAR,RARH,RRARH
NA19316,R,RH,RHR,RARA,HAHRH
NA19317,R,HR,RAR,RARA,HRHRA
NA19318,R,HH,RAH,RHRA,HRHRA
NA19319,R,RR,RAH,RARA,HRRRH
NA19320,R,RH,RHR,RARA,HRHRA
NA19321,R,RR,RAR,RARA,HHRRA
NA19323,R,RH,RAH,RARH,HRRRA
NA19324,R,HR,RAR,RARH,HHHRA
NA19327,R,RH,RRR,RHRH,RRRRH
NA19328,R,HH,HHR,RHRH,RRRRA
NA19331,R,RH,RAR,RARH,HARRH
NA19332,R,HR,RHR,RARR,RHRRA
NA19334,R,RH,RAR,RARH,RARRA
NA19338,R,RH,RAH,RARH,HRRRA
NA19346,R,RR,RAR,RARA,RRHRA
NA19347,R,HH,RHR,RARH,HRHRA
NA19350,R,RH,RAR,RARA,RHHRA
NA19351,R,RH,RAR,RARH,RRRRA
NA19355,R,RH,RAH,RHRH,RRRRA
NA19360,R,RR,RHR,RARR,RRRHR
NA19372,R,RA,RAR,RARR,HRRRA
NA19374,R,RH,RAH,RARR,HRHRA
NA19375,R,RR,RHR,RARH,RRRRR
NA19376,R,RH,RAR,RARH,RRRRA
NA19377,R,HR,HHR,RARR,HRRRH
NA19378,R,RA,RHH,RHRH,RRRRA
NA19379,R,RH,RAH,RHHA,RHRRA
NA19380,R,RR,RAH,RARA,RRRRA
NA19383,R,RR,RAH,RARH,RRRRA
NA19384,R,RR,RRR,RARR,RRHRA
NA19385,R,RH,RAR,RHRA,RHHRA
NA19390,R,RR,RHA,RHRA,HARRH
NA19391,R,RH,RAH,RAHH,RRRRA
NA19393,R,RH,RHR,RRRH,RAHRA
NA19394,R,RH,RHR,RHRH,ARHRA
NA19395,R,RR,RAR,RARA,RHRRA
NA19397,H,RH,RHR,RHRR,RRHRA
NA19399,R,RH,HRR,RHRR,RRHRA
NA19401,H,RH,RRR,RARA,RHRRA
NA19403,H,RH,RRR,RARH,HRHRA
NA19404,R,RA,RHR,RARA,HRHRA
NA19428,R,RH,RAR,RRRA,RRHRA
NA19429,R,HA,RHR,RARA,RRRRA
NA19430,R,RH,RRR,RAHA,RRRRA
NA19431,R,HA,RAR,RHRH,RARRH
NA19434,R,RR,RAR,RHRH,HRHHH
NA19435,R,RR,RAR,RARR,RRRRA
NA19436,R,RH,RHH,RARH,RHHRA
NA19437,R,HA,RHR,RARH,RRRRH
NA19438,R,HH,RHR,RHRH,HRRRA
NA19439,R,RH,RAR,RARH,RHRRA
NA19440,R,RH,RAR,RARR,RRRRA
NA19443,R,HR,RHH,RHRH,RRHRA
NA19445,R,RA,RAR,RARH,RRRRA
NA19446,R,RR,RAR,RRRA,RRHRA
NA19448,R,RH,RAR,RARA,HHRRA
NA19449,H,RR,RHR,RARR,HRHRA
NA19451,R,HH,RAR,RHRH,RRRRA
NA19452,R,HA,RHH,RHRA,RRHRA
NA19454,R,HA,RHR,RHRH,RHHRA
NA19455,R,HR,RHH,RARH,RRRRA
NA19456,R,RA,RHR,RARA,RRRRA
NA19457,R,HH,RHR,RARH,RRHRA
NA19461,R,RH,RAH,RARH,RRHHH
NA19462,R,RH,RHR,RHRH,HARRA
NA19463,R,HR,RAR,RARA,HRHRA
NA19466,R,RA,RRH,RAHA,RRHRH
NA19467,H,RH,RAA,RHRH,RRHRA
NA19468,R,RH,RAR,RARR,HRRRA
NA19471,R,RH,HHR,RAHH,RHHRH
NA19472,R,RA,RHR,RHRA,RRRRA
NA19473,R,HH,RAR,RARH,RRRRH
NA19474,R,RR,RAR,RAHH,RRRRA
NA19475,R,RR,RAR,RARH,RRRRA
NA19625,R,HR,RHR,RARH,RRHRH
NA19648,R,RH,RHR,RARH,RHRRH
NA19649,R,RH,RHR,RARH,RHHRA
NA19651,R,AH,RHR,HHRR,RRHRA
NA19652,R,RH,RHR,RARR,RHRRA
NA19654,R,RR,RHR,RARR,RHRRA
NA19655,R,HH,RAR,RAAA,RRRRA
NA19657,R,RR,RAR,RARH,HRRRA
NA19658,R,RR,RAR,RARH,RRHRA
NA19661,R,RH,HAR,HAHH,ARRRA
NA19663,R,RH,RHR,RHRR,ARHRA
NA19664,R,RR,RAR,RHRH,ARRRA
NA19669,R,HH,RAR,HAHA,RRRRA
NA19670,R,RR,HAR,RRRH,HHRHA
NA19676,R,RA,RAR,RHHH,HRRRA
NA19678,R,RR,RHR,RARA,ARRRA
NA19679,R,RA,RHR,RARA,HRHHA
NA19681,R,RR,HAR,RARH,RRHRA
NA19682,R,RR,RAR,RARH,HRRRH
NA19684,R,HR,RAR,RARA,HRHRA
NA19700,H,RH,RHR,RARA,RRHRA
NA19701,R,RA,RHR,RARH,RRHRA
NA19703,R,RH,RAR,RARH,ARHRH
NA19704,R,HA,RAR,RHRR,RRARA
NA19707,R,HA,RHR,RARH,RRRRA
NA19711,R,RH,RHH,RARA,AHRRA
NA19712,R,HH,RAR,RHHH,RRHRA
NA19713,R,RH,RAR,RARA,RRARA
NA19716,R,RH,HHR,RAHH,RRRRA
NA19717,R,RH,RAR,HAHH,HRHRA
NA19719,H,HA,AAR,RARH,RHHRA
NA19720,R,RH,RAR,RAHA,RRRRA
NA19722,R,RH,RRR,RARH,RHRRA
NA19723,H,HH,RHR,RHHR,RRHHA
NA19725,R,HA,AHR,RAHH,HHHRA
NA19726,R,RH,HRR,RHRH,HHHRA
NA19728,A,RR,RAR,RRHA,ARRRA
NA19729,R,RH,RAR,RRHH,RRRRA
NA19731,H,RH,RAR,RARH,HRARA
NA19732,R,RH,RAR,RARH,HRRRA
NA19734,R,RR,RAR,RARR,RRRRA
NA19735,H,RH,HHR,RRHA,HRRRA
NA19740,H,RR,HAR,RHHA,HRRRA
NA19741,H,RR,RAR,RARH,RRRRA
NA19746,H,RR,RAR,RARH,ARRRA
NA19747,R,RA,RAR,HAHH,HRRRA
NA19749,R,RH,RAR,RARH,RRRAA
NA19750,R,RA,RHR,HARH,RHRRA
NA19752,H,RR,RHR,RHRA,HRRRA
NA19755,R,RR,RAR,RARR,RAHRA
NA19756,R,RH,RHR,RARA,HRRRA
NA19758,H,HR,HAR,RARH,RRRRA
NA19759,R,RH,RRR,RARH,HHRRA
NA19761,H,RR,HAR,RHRH,HRRRA
NA19762,R,RH,RAR,RHHA,RRRRA
NA19764,H,RA,RAR,RARH,RRRRA
NA19770,R,RH,RHR,HARH,RRARA
NA19771,R,HR,HAR,HRRA,RRARA
NA19773,H,RH,RHR,HAHR,HRHRA
NA19774,H,RH,HAR,RARH,HRRRA
NA19776,H,RR,RAR,RAHR,RRRRH
NA19777,A,RR,RAR,RARR,HRHRA
NA19779,H,RA,RAR,RHRR,RRRRA
NA19780,H,RH,HAR,RHRR,RHRRA
NA19782,R,RH,RAR,HAHR,HRHRH
NA19783,A,RA,RAR,RARH,HRRRA
NA19785,R,RH,HAR,RAAR,HRRRH
NA19786,H,RH,RAR,RHRH,RHRRA
NA19788,R,RA,RHR,HHHH,RRHRA
NA19789,H,RA,RHR,RARA,HRRRA
NA19792,R,AA,RHR,AHHA,RHHRA
NA19794,R,RA,HAR,RHRA,RRRRA
NA19795,A,RH,RHR,HAHH,HRHRA
NA19818,R,RR,RRR,RARA,RRRRH
NA19819,R,RH,RHR,RARA,RRHRA
NA19834,R,RA,RHR,RARH,RARRA
NA19835,R,RH,RHH,RHRH,RHHHA
NA19900,R,RA,RAA,RHRA,HRRRA
NA19901,R,RH,RAR,RHRA,RRRHA
NA19904,R,RA,RAH,RHHA,RRRRA
NA19908,R,RR,RAR,RHRR,RHHRA
NA19909,R,HR,RAA,RHRH,RRRHA
NA19913,R,RH,RAH,HHHA,RRRRA
NA19914,R,RH,RAR,RHRH,RRRRH
NA19916,R,RH,RAR,RHHA,ARRRA
NA19917,R,RH,RAR,RARR,RRRRA
NA19920,R,RR,RAR,RHRA,RRHRA
NA19921,R,HH,RAH,RARH,RRRRA
NA19922,R,RA,RHR,HHRA,RRHHA
NA19923,R,RA,RHR,RARH,RHHHA
NA19982,R,RH,RHH,RHRH,RRHRA
NA19984,R,RR,RAR,RARA,HRRRH
NA20126,R,RH,RAH,RHRA,RRHRA
NA20127,R,RH,RHR,RAHA,ARHRA
NA20274,R,HR,RHR,RARH,RRRRA
NA20276,R,RA,RHR,RAHA,RRARA
NA20278,R,RR,RAR,RHRA,RHRRA
NA20281,R,HH,RHR,RARH,RRHRH
NA20282,H,HH,RAR,RHRA,RRARA
NA20287,H,RH,RAH,RARR,HARRA
NA20289,R,RR,HAR,RHRR,RAHRA
NA20291,R,RA,RHR,RARH,RRHRA
NA20294,R,RA,RHR,RHRH,RRHRA
NA20296,R,HH,RAR,RHRH,RRRRA
NA20298,R,HH,RAR,RARH,HRRRA
NA20299,R,RR,RAH,RARA,RRHRA
NA20314,R,RR,RRR,RHHH,RRRRA
NA20317,H,RH,RAR,HARH,RHRHA
NA20318,R,RH,RHR,RARH,RRRHA
NA20320,R,RA,RHR,RARH,RRRRA
NA20321,R,RA,RRR,RARA,HRRRA
NA20332,R,RH,RAR,RAHA,RRRRH
NA20334,R,HH,RAR,RHRA,HHRRA
NA20339,R,RR,RHR,RHRA,ARARA
NA20340,R,RH,RAR,RHRA,RRRRA
NA20342,R,RR,RRR,RHHA,RRHRA
NA20346,R,RA,RAR,RAHH,RRRRA
NA20348,R,RH,RHR,RARR,RRRRA
NA20351,R,RR,RAR,RHRH,HRRRA
NA20355,R,RH,RAR,RARA,HHRRA
NA20356,R,RH,RAR,RAHH,RRHRA
NA20357,R,RA,RHH,RARH,RRHRA
NA20359,R,RR,RHR,RHRA,RHHRA
NA20362,R,RH,RRH,RHRA,HHRRA
NA20412,R,RH,RHR,RARA,HHRRA
NA20502,R,RH,RRR,HHRH,HARRA
NA20503,R,RA,RAR,AARH,RRHRA
NA20504,R,RA,RAR,HRRR,RHRHA
NA20505,R,HH,HAR,RARA,RRARA
NA20506,R,RH,RAR,RHRA,AHRRA
NA20507,R,RA,RAR,RHRH,HRRRA
NA20508,R,RA,RHR,RARH,RRHRA
NA20509,R,RR,RHR,RHRA,HHHHA
NA20510,R,RH,RAR,HARA,RRRRH
NA20511,H,RH,HHR,RARH,ARRRA
NA20512,R,RH,HHR,HHRH,RRHRA
NA20513,R,HH,RAH,RHRA,RHHRA
NA20514,R,RH,RHR,HHRH,RRARA
NA20515,R,RR,HAR,HARH,HRRRA
NA20516,R,HH,HAR,RHRA,RRRRH
NA20517,R,RA,RHR,RARA,ARHRA
NA20518,R,RR,AHR,RHRR,RRARA
NA20519,R,RA,RRR,HARH,RHRRA
NA20520,R,RH,RRH,HARA,RRRHH
NA20521,R,HH,RAR,HARH,HRHRA
NA20522,R,RA,RHR,RARA,RRHHH
NA20524,R,RR,RHR,RHRR,HRRRA
NA20525,R,RR,RHR,RARA,HRRRA
NA20527,R,RR,RAR,RARR,HRHRA
NA20528,R,HA,RAR,RARA,HHARA
NA20529,R,RR,HAR,HARR,RRHRA
NA20530,R,RH,RAR,RARH,RRRRA
NA20531,R,RH,RAR,RARA,HRRHH
NA20532,R,RH,HAR,RARH,ARRRA
NA20533,R,HA,RAR,HARR,RRRRA
NA20534,R,RR,RHH,RARH,RRRRA
NA20535,R,RH,RAR,RHRA,HHRRA
NA20536,R,RR,RAR,RHRH,RHRRH
NA20538,R,HR,RHR,RARA,AHHRA
NA20539,R,HH,RHR,HHRH,HHRRA
NA20540,R,RA,HHR,RARH,HRRRH
NA20541,R,RH,AAR,HARA,RRARH
NA20542,R,RR,RHR,RARH,RHHRA
NA20543,H,RH,RAR,RHRA,HHRRA
NA20544,R,RH,RAR,RARH,RRHRH
NA20581,R,RR,HHR,HHRA,RHRRA
NA20582,R,HH,RAR,HHRA,HRRRA
NA20585,R,RA,HAR,RARH,AHARA
NA20586,R,RA,RHR,RARA,RRARA
NA20587,R,RH,RHR,RHRH,HRRRA
NA20588,R,RH,RHR,RARR,RRRRA
NA20589,R,RH,RAR,HARA,RHHRA
NA20752,R,RH,RRR,RHRA,RRHRH
NA20753,R,HA,RHR,HHRA,RHRHA
NA20754,R,HR,RHR,RHRA,RRRRA
NA20755,R,HH,RHR,RARA,RRHRA
NA20756,R,RA,RHR,HARH,RRRHA
NA20757,R,RH,RHR,RARR,HRRRA
NA20758,R,RR,HAR,RARH,RRRHA
NA20759,R,RA,RAR,HHRA,RHRRA
NA20760,R,RR,HAR,RHRH,RRRRA
NA20761,R,RH,RRH,HARH,RHHRA
NA20762,R,RA,RRR,RARA,HRHRA
NA20763,R,RH,RHR,HHRH,HHRRA
NA20764,R,RH,RHR,RARH,HRRRA
NA20765,R,RA,HHR,RHRH,RHHHA
NA20766,R,RH,HAR,RARA,RRHRH
NA20767,R,RH,RHR,HARR,RRHRA
NA20768,R,HH,RRR,RARA,RRRRA
NA20769,R,RH,RHR,RARA,RRRRA
NA20770,R,RA,RHR,HARH,RRHRA
NA20771,R,HH,RHR,RHRH,RRHRA
NA20772,R,RH,RAR,HHRR,HRHRA
NA20773,R,HH,RAR,RHRH,RRHRA
NA20774,R,RA,HAR,RARH,HHRRA
NA20775,R,RH,RAR,HHRA,RRHRA
NA20778,R,RH,HHR,RARH,RRHRA
NA20783,R,RH,RRR,HHRH,RHRRA
NA20785,R,HR,RHR,RHRR,HHHRA
NA20786,R,RR,HAR,RARA,RRRRA
NA20787,R,RH,RHR,RARH,ARARA
NA20790,R,HH,RAR,RHRR,ARRRA
NA20792,R,RR,RAR,RARH,RHHRA
NA20795,R,RH,RHR,HHRA,RRRRA
NA20796,R,RA,HHR,RHRH,RHARA
NA20797,R,RH,RAR,RHRR,RRRRH
NA20798,R,RA,RHR,HARH,RRRRA
NA20799,R,RA,RHR,HARH,RRHRA
NA20800,R,RR,RAR,AHRH,RRHRA
NA20801,H,RR,HHR,RARA,HRHRA
NA20802,R,RR,RRR,RARA,RRRRA
NA20803,R,RR,RAR,AARA,HRHRA
NA20804,R,RH,HAH,RARH,HHARA
NA20805,H,RR,RAR,HARH,RRHRA
NA20806,R,AA,RAR,HHRH,HHHHH
NA20807,R,RA,RHR,RHRA,RRHRA
NA20808,R,RA,HHR,RHRH,RHRRA
NA20809,R,RA,RAR,RHRH,HHRRA
NA20810,R,RA,RHR,HHRA,RRRRA
NA20811,R,RR,RHR,RARA,RRHRA
NA20812,R,RH,RAR,HARR,RRRHA
NA20813,R,RR,RAR,RARR,RAARA
NA20814,R,HA,HAR,RARA,HRHRA
NA20815,H,RH,RHR,HARR,RRRRH
NA20818,R,RR,RAR,HARR,AHHRA
NA20819,H,HH,RRR,RHRH,HHRRA
NA20821,R,HR,RHR,HHRH,RRRRA
NA20822,R,HA,RAR,RHRH,RRHRA
NA20826,R,RA,HRR,HARH,RRRRA
NA20827,R,RH,HHR,HARR,RRRRA
NA20828,R,RH,HHR,HARR,RHHRA
NA20832,R,RH,RHR,RARH,HRARA
NA20845,R,RH,RRR,HARR,HRRRA
NA20846,R,RA,RAR,RARA,HRHRA
NA20847,R,HH,RAR,RARA,HHHRA
NA20849,R,RA,RAR,RHRA,RHRRA
NA20850,R,HH,RAR,RHRA,RRHRA
NA20851,R,RH,RAR,RARH,HRHRA
NA20852,R,RA,RAR,RARR,RRHRA
NA20853,R,HH,RAR,HARR,RRRRA
NA20854,R,RH,RAR,RRRR,RRHRA
NA20856,R,RR,RAR,RHRH,HHRRA
NA20858,R,RR,HAR,RHRH,HHRRA
NA20859,R,RR,RHR,RARR,RRRRA
NA20861,H,RA,HAR,HARR,HHHRA
NA20862,R,HA,RAR,RHRH,RRHRA
NA20863,R,RH,RHR,RARA,RHAHA
NA20864,R,RH,RAR,HARR,RRRRA
NA20866,R,RR,RAR,RARA,RHHRA
NA20867,R,HH,RHR,RARH,HRRRA
NA20868,R,RR,RHR,RARR,HRRHA
NA20869,R,RR,RRR,RHRH,RRHRA
NA20870,R,RH,HAH,RARA,RRRRA
NA20872,R,RH,RAH,RARA,HRRRA
NA20874,R,HR,RHR,RARA,RRHRH
NA20875,R,RH,RHR,HHRA,RRRRA
NA20876,H,RR,RAR,RHRH,RRARA
NA20877,R,RH,RAR,RHRH,RRHRA
NA20878,R,RR,RAR,RHRR,HRRRA
NA20881,R,RA,RAR,RARH,RHHRA
NA20882,R,RA,RAR,RARA,HRRRH
NA20884,R,RA,RAR,RARA,AHARA
NA20885,R,HH,RHR,RARH,RRARH
NA20886,H,HR,HHR,RARR,RHHRA
NA20887,R,RR,RHR,RARH,RRRRA
NA20888,R,HA,RAR,RHRH,RRHRA
NA20889,H,RR,RHH,RHRA,RHRRA
NA20890,R,RH,RAR,RARA,HRHRA
NA20891,R,HH,RAR,HARR,RRHRA
NA20892,R,HH,RHR,RARH,RRRRA
NA20894,R,RH,RAR,RARR,RRHRA
NA20895,R,RR,RHR,RARH,RHHRA
NA20896,H,HH,RAR,RARA,RHHRH
NA20897,R,RA,RHR,RHRH,HAHRA
NA20899,R,RA,RAH,RHRH,RRRHA
NA20900,R,RH,RAR,HARH,RRHRH
NA20901,R,HH,HAR,HARH,RRHRA
NA20902,R,RA,RAR,RHRH,RRRRA
NA20903,R,AH,RHR,RARH,RRHRA
NA20904,R,HH,RAR,RARA,RRHRA
NA20905,H,HH,RAR,RHRA,RHRRA
NA20906,H,HR,RAR,RHRA,RHRRA
NA20908,R,HA,RAH,RHRH,RRHRA
NA20910,R,RA,RAH,HARH,RRHRA
NA20911,H,RH,RAR,RARA,RRHRH
NA21086,R,RH,RHR,RRRR,HRARA
NA21087,R,RR,RHH,HHRA,RRHRA
NA21088,R,RH,RAR,RHRA,HRARA
NA21089,R,RR,RHR,RHRA,HHRRA
NA21090,H,RA,RAR,RARH,RRRRA
NA21091,R,RH,RAH,RARH,RRRRA
NA21092,R,HH,RHR,RARR,RRHRA
NA21093,R,RR,RHR,RHRH,RRHRA
NA21094,R,RA,RHR,RARH,RHHHA
NA21095,R,RH,HAH,HHRR,RHRRA
NA21097,R,HR,RHR,RARH,RHHHH
NA21098,R,HH,RHR,HRRA,RHRHA
NA21099,R,RR,RAR,RHRA,RRARA
NA21100,R,RR,RHR,RARA,RRHRA
NA21101,R,RH,RAR,RHRH,RRRRA
NA21102,R,RH,RAR,RARA,RHRRH
NA21103,R,RR,RAR,RARH,RRRRA
NA21104,R,RA,RHH,RARA,RRHRA
NA21105,R,RH,RHR,RARH,HRHRR
NA21106,R,AR,RHR,RARA,RRRRA
NA21107,R,HA,RAR,RHRA,RRRHA
NA21108,R,RH,RAR,RHRA,HRRRA
NA21109,R,RH,RHR,RARH,RRRRA
NA21110,R,RH,RAR,RARH,RRRRA
NA21111,R,RH,RAR,RARH,RRRRA
NA21112,R,RH,RAR,RHRR,RRRRA
NA21113,R,RA,RHR,RARA,RRARA
NA21114,R,RR,RAR,RARH,HRRRA
NA21115,R,RA,RHR,RARA,RRHRA
NA21116,H,RH,RHR,RARH,RRHRA
NA21117,R,RH,RHR,RARR,RRARA
NA21118,R,RH,RAR,RHRH,RRHRA
NA21119,R,HR,RHR,RARH,RHRRA
NA21120,R,RA,RHR,RHRH,RRHRA
NA21122,R,RR,RHR,RARH,RRHRA
NA21123,R,RH,RAR,RARH,RRAHA
NA21124,R,RA,RAH,RARR,RHRRA
NA21125,R,RH,RAR,RHRR,RRHRA
NA21126,R,RA,RAR,RARA,HRHRA
NA21127,R,RA,RAR,HRRA,RRARA
NA21128,R,RH,RHR,RHRH,RRRRA
NA21129,R,RR,RAR,RARA,HHHHA
NA21130,R,RH,RHR,HHRR,RRHHA
NA21133,R,HA,RAR,RARH,HHRRA
NA21135,R,RH,RAH,RARR,RRAHA
NA21137,R,HH,RAR,RARH,HHARH
NA21141,R,RR,RAR,RHRA,HRHRA
NA21142,H,RR,RHR,RARH,RRHRA
NA21143,R,RR,RAR,RHRA,RRRRA
NA21144,R,RA,RHH,RARH,HRRRA
